Level1,Level2,Level3,Level4,Level5,Level6,Level1CN,Level2CN,Level3CN,Level4CN,Level5CN,Level6CN
I. Introduction - What Is American Strategy?,"1. How American ""Strategy"" Went Astray","To ensure that America remains the world’s strongest, richest, most powerful, and most successful country for decades to come, our country needs a coherent, focused strategy for how we interact with the world. And to get that right, all Americans need to know what, exactly, it is we are trying to do and why. ",,,,一、引言——什么是美国战略？,1. 美国“战略”是如何误入歧途的,为了确保美国在未来几十年继续保持世界最强大、最富有、最有影响力、最成功的国家地位，我国需要制定一套连贯、重点突出的国际互动战略。而要做好这一点，所有美国人都需要清楚地知道我们究竟在做什么，以及为什么要这样做。,,,
I. Introduction - What Is American Strategy?,"1. How American ""Strategy"" Went Astray","A “strategy” is a concrete, realistic plan that explains the essential connection between ends and means: it begins from an accurate assessment of what is desired and what tools are available, or can realistically be created, to achieve the desired outcomes. ",,,,一、引言——什么是美国战略？,1. 美国“战略”是如何误入歧途的,“战略”是一个具体、现实的计划，它解释了目的和手段之间的本质联系：它从准确评估想要的结果以及可用的或可以实际创造的工具开始，以实现预期的结果。,,,
I. Introduction - What Is American Strategy?,"1. How American ""Strategy"" Went Astray","A strategy must evaluate, sort, and prioritize. Not every country, region, issue, or cause—however worthy—can be the focus of American strategy. The purpose of foreign policy is the protection of core national interests; that is the sole focus of this strategy. ",,,,一、引言——什么是美国战略？,1. 美国“战略”是如何误入歧途的,一项战略必须进行评估、分类和优先排序。并非每个国家、地区、议题或事业——无论多么重要——都能成为美国战略的重点。外交政策的目的是保护核心国家利益；这才是这项战略的唯一核心。,,,
I. Introduction - What Is American Strategy?,"1. How American ""Strategy"" Went Astray",American strategies since the end of the Cold War have fallen short—they have been laundry lists of wishes or desired end states; have not clearly defined what we want but instead stated vague platitudes; and have often misjudged what we should want. ,,,,一、引言——什么是美国战略？,1. 美国“战略”是如何误入歧途的,冷战结束后的美国战略一直未能达到预期效果——它们只是一长串愿望或期望的最终状态清单；没有明确定义我们想要什么，而是提出了一些模糊的陈词滥调；而且常常误判了我们应该想要什么。,,,
I. Introduction - What Is American Strategy?,"1. How American ""Strategy"" Went Astray","After the end of the Cold War, American foreign policy elites convinced themselves that permanent American domination of the entire world was in the best interests of our country. Yet the affairs of other countries are our concern only if their activities directly threaten our interests. ",,,,一、引言——什么是美国战略？,1. 美国“战略”是如何误入歧途的,冷战结束后，美国外交政策精英们深信，美国永久主宰全世界符合美国的最佳利益。然而，只有当其他国家的活动直接威胁到美国利益时，美国才会关心它们。,,,
I. Introduction - What Is American Strategy?,"1. How American ""Strategy"" Went Astray","Our elites badly miscalculated America’s willingness to shoulder forever global burdens to which the American people saw no connection to the national interest. They overestimated America’s ability to fund, simultaneously, a massive welfareregulatory-administrative state alongside a massive military, diplomatic, intelligence, and foreign aid complex. They placed hugely misguided and destructive bets on globalism and so-called “free trade” that hollowed out the very middle class and industrial base on which American economic and military preeminence depend. They allowed allies and partners to offload the cost of their defense onto the American people, and sometimes to suck us into conflicts and 1 controversies central to their interests but peripheral or irrelevant to our own. And they lashed American policy to a network of international institutions, some of which are driven by outright anti-Americanism and many by a transnationalism that explicitly seeks to dissolve individual state sovereignty. In sum, not only did our elites pursue a fundamentally undesirable and impossible goal, in doing so they undermined the very means necessary to achieve that goal: the character of our nation upon which its power, wealth, and decency were built.",,,,一、引言——什么是美国战略？,1. 美国“战略”是如何误入歧途的,我们的精英们严重误判了美国承担全球性负担的意愿，而美国人民却认为这些负担与国家利益毫无关联。他们高估了美国同时维持庞大的福利、监管和行政体系以及庞大的军事、外交、情报和对外援助体系的能力。他们对全球主义和所谓的“自由贸易”进行了极其错误且具有破坏性的押注，导致美国赖以维持经济和军事霸权的中产阶级和工业基础被掏空。他们允许盟友和伙伴将国防开支转嫁给美国人民，有时甚至将我们拖入对他们自身利益至关重要但对我们自身利益无关紧要的冲突和争议中。他们还将美国政策与一系列国际机构捆绑在一起，其中一些机构的驱动力是彻头彻尾的反美主义，而许多机构的驱动力则是旨在瓦解单个国家主权的跨国主义。总之，我们的精英不仅追求了一个从根本上来说是不可取且不可能实现的目标，而且在这样做的时候，他们还破坏了实现该目标所必需的手段：我们国家赖以建立其力量、财富和体面的品格。,,,
I. Introduction - What Is American Strategy?,"2. President Trump's Necessary, Welcome Correction","None of this was inevitable. President Trump’s first administration proved that with the right leadership making the right choices, all of the above could—and should—have been avoided, and much else achieved. He and his team successfully marshaled America’s great strengths to correct course and begin ushering in a new golden age for our country. To continue the United States on that path is the overarching purpose of President Trump’s second administration, and of this document. ",,,,一、引言——什么是美国战略？,2. 特朗普总统必要且受欢迎的纠正,这一切并非不可避免。特朗普总统的第一届政府证明，只要有正确的领导，做出正确的选择，上述所有问题都可以——也应该——避免，而且还能取得更多成就。他和他的团队成功地调动了美国的强大优势，纠正了航向，并开启了美国的新黄金时代。继续引领美国走上这条道路，正是特朗普总统第二届政府以及本文件的首要目标。,,,
I. Introduction - What Is American Strategy?,"2. President Trump's Necessary, Welcome Correction",The questions before us now are: 1) What should the United States want? 2) What are our available means to get it? and 3) How can we connect ends and means into a viable National Security Strategy? ,,,,一、引言——什么是美国战略？,2. 特朗普总统必要且受欢迎的纠正,我们现在面临的问题是：1）美国应该想要什么？2）我们有哪些手段可以实现这个目标？3）我们如何将目标和手段结合起来，制定一个可行的国家安全战略？,,,
II. What Should the United States Want?,1. What Do We Want Overall?,"First and foremost, we want the continued survival and safety of the United States as an independent, sovereign republic whose government secures the God-given natural rights of its citizens and prioritizes their well-being and interests. ",,,,二、美国应该想要什么？,1. 我们总体上想要什么？,首先，我们希望美国作为一个独立、主权共和国继续生存和安全，其政府保障上帝赋予公民的自然权利，并将公民的福祉和利益放在首位。,,,
II. What Should the United States Want?,1. What Do We Want Overall?,"We want to protect this country, its people, its territory, its economy, and its way of life from military attack and hostile foreign influence, whether espionage, predatory trade practices, drug and human trafficking, destructive propaganda and influence operations, cultural subversion, or any other threat to our nation. ",,,,二、美国应该想要什么？,1. 我们总体上想要什么？,我们要保护这个国家、它的人民、它的领土、它的经济和它的生活方式免受军事攻击和敌对外国的影响，无论是间谍活动、掠夺性贸易行为、毒品和人口贩运、破坏性宣传和影响行动、文化颠覆，还是对我们国家的任何其他威胁。,,,
II. What Should the United States Want?,1. What Do We Want Overall?,"We want full control over our borders, over our immigration system, and over transportation networks through which people come into our country—legally and illegally. We want a world in which migration is not merely “orderly” but one in which sovereign countries work together to stop rather than facilitate destabilizing population flows, and have full control over whom they do and do not admit. ",,,,二、美国应该想要什么？,1. 我们总体上想要什么？,我们希望完全掌控边境、移民系统以及人们合法和非法进入我国的交通网络。我们想要一个移民不仅“有序”，而且主权国家携手合作，阻止而非助长破坏稳定的移民流动，并完全自主决定允许和禁止哪些人入境的世界。,,,
II. What Should the United States Want?,1. What Do We Want Overall?,"We want a resilient national infrastructure that can withstand natural disasters, resist and thwart foreign threats, and prevent or mitigate any events that might harm the American people or disrupt the American economy. No adversary or danger should be able to hold America at risk. ",,,,二、美国应该想要什么？,1. 我们总体上想要什么？,我们希望拥有能够抵御自然灾害、抵御和挫败外国威胁、预防或减轻任何可能损害美国人民或扰乱美国经济的事件的强大国家基础设施。任何敌人或危险都不应能够威胁到美国。,,,
II. What Should the United States Want?,1. What Do We Want Overall?,"We want to recruit, train, equip, and field the world’s most powerful, lethal, and technologically advanced military to protect our interests, deter wars, and—if necessary—win them quickly and decisively, with the lowest possible casualties to our forces. And we want a military in which every single servicemember is proud of their country and confident in their mission. ",,,,二、美国应该想要什么？,1. 我们总体上想要什么？,我们希望招募、训练、装备并部署世界上最强大、最具杀伤力、技术最先进的军队，以保护我们的利益，遏制战争，并在必要时迅速果断地赢得战争，同时尽可能减少我方人员伤亡。我们希望军队中的每一位军人都为自己的国家感到自豪，并对自己的使命充满信心。,,,
II. What Should the United States Want?,1. What Do We Want Overall?,"We want the world’s most robust, credible, and modern nuclear deterrent, plus next-generation missile defenses—including a Golden Dome for the American homeland—to protect the American people, American assets overseas, and American allies. ",,,,二、美国应该想要什么？,1. 我们总体上想要什么？,我们希望拥有世界上最强大、最可靠、最现代化的核威慑力量，以及下一代导弹防御系统——包括美国本土的“金顶”防御系统——以保护美国人民、美国海外资产和美国盟友。,,,
II. What Should the United States Want?,1. What Do We Want Overall?,"We want the world’s strongest, most dynamic, most innovative, and most advanced economy. The U.S. economy is the bedrock of the American way of life, which promises and delivers widespread and broad-based prosperity, creates upward mobility, and rewards hard work. Our economy is also the bedrock of our global position and the necessary foundation of our military. ",,,,二、美国应该想要什么？,1. 我们总体上想要什么？,我们想要拥有世界上最强大、最具活力、最具创新力和最先进的经济体。美国经济是美国生活方式的基石，它承诺并实现了广泛而深远的繁荣，创造了向上流动的机会，并奖励辛勤工作。我们的经济也是我们全球地位的基石，以及我们军队的必要基础。,,,
II. What Should the United States Want?,1. What Do We Want Overall?,We want the world’s most robust industrial base. American national power depends on a strong industrial sector capable of meeting both peacetime and wartime production demands. That requires not only direct defense industrial production capacity but also defense-related production capacity. Cultivating American industrial strength must become the highest priority of national economic policy.,,,,二、美国应该想要什么？,1. 我们总体上想要什么？,我们想要拥有世界上最强大的工业基础。美国的国家实力取决于一个强大的工业部门，能够满足和平时期和战时的生产需求。这不仅需要直接的国防工业生产能力，还需要国防相关生产能力。增强美国的工业实力必须成为国家经济政策的重中之重。,,,
II. What Should the United States Want?,1. What Do We Want Overall?,"We want the world’s most robust, productive, and innovative energy sector—one capable not just of fueling American economic growth but of being one of America’s leading export industries in its own right. ",,,,二、美国应该想要什么？,1. 我们总体上想要什么？,我们希望拥有世界上最强大、最高效、最具创新力的能源部门——一个不仅能够推动美国经济增长，而且本身就能成为美国主要出口产业之一的能源部门。,,,
II. What Should the United States Want?,1. What Do We Want Overall?,"We want to remain the world’s most scientifically and technologically advanced and innovative country, and to build on these strengths. And we want to protect our intellectual property from foreign theft. America’s pioneering spirit is a key pillar of our continued economic dominance and military superiority; it must be preserved. ",,,,二、美国应该想要什么？,1. 我们总体上想要什么？,我们希望继续保持世界科技最先进、最具创新力的国家地位，并在此基础上发展壮大。同时，我们也希望保护我们的知识产权免遭外国窃取。美国的开拓精神是我们持续保持经济主导地位和军事优势的关键支柱，必须予以捍卫。,,,
II. What Should the United States Want?,1. What Do We Want Overall?,"We want to maintain the United States’ unrivaled “soft power” through which we exercise positive influence throughout the world that furthers our interests. In doing so, we will be unapologetic about our country’s past and present while respectful of other countries’ differing religions, cultures, and governing systems. “Soft power” that serves America’s true national interest is effective only if we believe in our country’s inherent greatness and decency.",,,,二、美国应该想要什么？,1. 我们总体上想要什么？,我们希望保持美国无可匹敌的“软实力”，通过这种实力，我们在世界各地施加积极影响，从而增进自身利益。为此，我们将对我国的过去和现在毫不妥协，同时尊重其他国家不同的宗教、文化和政治制度。只有当我们坚信我国固有的伟大和正义时，服务于美国真正国家利益的“软实力”才能有效发挥作用。,,,
II. What Should the United States Want?,1. What Do We Want Overall?,"Finally, we want the restoration and reinvigoration of American spiritual and cultural health, without which long-term security is impossible. We want an America that cherishes its past glories and its heroes, and that looks forward to a new golden age. We want a people who are proud, happy, and optimistic that they will leave their country to the next generation better than they found it. We want a gainfully employed citizenry—with no one sitting on the sidelines—who take satisfaction from knowing that their work is essential to the prosperity of our nation and to the well-being of individuals and families. This cannot be accomplished without growing numbers of strong, traditional families that raise healthy children. ",,,,二、美国应该想要什么？,1. 我们总体上想要什么？,最后，我们希望恢复和振兴美国的精神和文化健康，没有这种健康，长远的安全就无从谈起。我们希望美国珍视过去的辉煌和英雄，并展望新的黄金时代。我们希望美国人民感到自豪、幸福和乐观，相信他们能将国家留给下一代，使其比他们接手时更加美好。我们希望公民都能有稳定的工作——没有人游手好闲——他们能从自己的工作对国家繁荣和个人及家庭福祉的重要性中获得满足感。而这一切，都离不开越来越多健康、传统的家庭，以及他们所养育的健康子女。,,,
II. What Should the United States Want?,2. What Do We Want In and From the World?,Achieving these goals requires marshaling every resource of our national power. Yet this strategy’s focus is foreign policy. What are America’s core foreign policy interests? What do we want in and from the world? ,"We want to ensure that the Western Hemisphere remains reasonably stable and well-governed enough to prevent and discourage mass migration to the United States; we want a Hemisphere whose governments cooperate with us against narco-terrorists, cartels, and other transnational criminal organizations; we want a Hemisphere that remains free of hostile foreign incursion or ownership of key assets, and that supports critical supply chains; and we want to ensure our continued access to key strategic locations. In other words, we will assert and enforce a “Trump Corollary” to the Monroe Doctrine; ",,,二、美国应该想要什么？,2. 我们希望从这个世界获得什么？,实现这些目标需要调动我们国家的一切资源。然而，这项战略的重点是外交政策。美国的核心外交政策利益是什么？我们希望在世界上获得什么，又希望从世界上获得什么？,我们希望确保西半球保持相对稳定和良好的治理，以防止和阻止大规模移民涌入美国；我们希望西半球各国政府与我们合作打击毒品恐怖分子、贩毒集团和其他跨国犯罪组织；我们希望西半球免受敌对外国入侵或关键资产被占有，并支持关键供应链；我们希望确保我们能够继续进入关键战略要地。换言之，我们将主张并执行门罗主义的“特朗普推论”。,,
II. What Should the United States Want?,2. What Do We Want In and From the World?,Achieving these goals requires marshaling every resource of our national power. Yet this strategy’s focus is foreign policy. What are America’s core foreign policy interests? What do we want in and from the world? ,"We want to halt and reverse the ongoing damage that foreign actors inflict on the American economy while keeping the Indo-Pacific free and open, preserving freedom of navigation in all crucial sea lanes, and maintaining secure and reliable supply chains and access to critical materials; ",,,二、美国应该想要什么？,2. 我们希望从这个世界获得什么？,实现这些目标需要调动我们国家的一切资源。然而，这项战略的重点是外交政策。美国的核心外交政策利益是什么？我们希望在世界上获得什么，又希望从世界上获得什么？,我们希望阻止和扭转外国势力对美国经济造成的持续损害，同时保持印太地区的自由开放，维护所有关键海上航道的航行自由，并维持安全可靠的供应链和关键物资的获取；,,
II. What Should the United States Want?,2. What Do We Want In and From the World?,Achieving these goals requires marshaling every resource of our national power. Yet this strategy’s focus is foreign policy. What are America’s core foreign policy interests? What do we want in and from the world? ,"We want to support our allies in preserving the freedom and security of Europe, while restoring Europe’s civilizational self-confidence and Western identity; ",,,二、美国应该想要什么？,2. 我们希望从这个世界获得什么？,实现这些目标需要调动我们国家的一切资源。然而，这项战略的重点是外交政策。美国的核心外交政策利益是什么？我们希望在世界上获得什么，又希望从世界上获得什么？,我们希望支持我们的盟友维护欧洲的自由和安全，同时恢复欧洲的文明自信和西方身份认同；,,
II. What Should the United States Want?,2. What Do We Want In and From the World?,Achieving these goals requires marshaling every resource of our national power. Yet this strategy’s focus is foreign policy. What are America’s core foreign policy interests? What do we want in and from the world? ,"We want to prevent an adversarial power from dominating the Middle East, its oil and gas supplies, and the chokepoints through which they pass while avoiding the “forever wars” that bogged us down in that region at great cost; ",,,二、美国应该想要什么？,2. 我们希望从这个世界获得什么？,实现这些目标需要调动我们国家的一切资源。然而，这项战略的重点是外交政策。美国的核心外交政策利益是什么？我们希望在世界上获得什么，又希望从世界上获得什么？,我们想要阻止敌对势力控制中东、其石油和天然气供应以及这些供应所经过的咽喉要道，同时避免陷入让我们在该地区付出巨大代价的“无休止的战争”；,,
II. What Should the United States Want?,2. What Do We Want In and From the World?,Achieving these goals requires marshaling every resource of our national power. Yet this strategy’s focus is foreign policy. What are America’s core foreign policy interests? What do we want in and from the world? ,"We want to ensure that U.S. technology and U.S. standards—particularly in AI, biotech, and quantum computing—drive the world forward.",,,二、美国应该想要什么？,2. 我们希望从这个世界获得什么？,实现这些目标需要调动我们国家的一切资源。然而，这项战略的重点是外交政策。美国的核心外交政策利益是什么？我们希望在世界上获得什么，又希望从世界上获得什么？,我们希望确保美国的技术和标准——尤其是在人工智能、生物技术和量子计算领域——推动世界向前发展。,,
II. What Should the United States Want?,2. What Do We Want In and From the World?,"These are the United States’ core, vital national interests. While we also have others, these are the interests we must focus on above all others, and that we ignore or neglect at our peril. ",,,,二、美国应该想要什么？,2. 我们希望从这个世界获得什么？,这些是美国的核心、至关重要的国家利益。虽然我们还有其他利益，但这些是我们必须优先关注的利益，忽视或轻视这些利益将使我们付出惨痛的代价。,,,
III. What Are America's Available Means to Get What We Want?,"America retains the world’s most enviable position, with world-leading assets, resources, and advantages, including: ",A still nimble political system that can course correct;,,,,三、美国有哪些途径可以获得我们想要的东西？,美国保持着世界上最令人艳羡的地位，拥有世界领先的资产、资源和优势，其中包括：,一个仍然灵活、能够纠正方向的政治体系；,,,
III. What Are America's Available Means to Get What We Want?,"America retains the world’s most enviable position, with world-leading assets, resources, and advantages, including: ","The world’s single largest and most innovative economy, which both generates wealth we can invest in strategic interests and provides leverage over countries that want access to our markets; ",,,,三、美国有哪些途径可以获得我们想要的东西？,美国保持着世界上最令人艳羡的地位，拥有世界领先的资产、资源和优势，其中包括：,全球规模最大、最具创新力的经济体，既创造了我们可以投资于战略利益的财富，又为那些想要进入我们市场的国家提供了影响力；,,,
III. What Are America's Available Means to Get What We Want?,"America retains the world’s most enviable position, with world-leading assets, resources, and advantages, including: ","The world’s leading financial system and capital markets, including the dollar’s global reserve currency status; ",,,,三、美国有哪些途径可以获得我们想要的东西？,美国保持着世界上最令人艳羡的地位，拥有世界领先的资产、资源和优势，其中包括：,世界领先的金融体系和资本市场，包括美元的全球储备货币地位；,,,
III. What Are America's Available Means to Get What We Want?,"America retains the world’s most enviable position, with world-leading assets, resources, and advantages, including: ","The world’s most advanced, most innovative, and most profitable technology sector, which undergirds our economy, provides a qualitative edge to our military, and strengthens our global influence; ",,,,三、美国有哪些途径可以获得我们想要的东西？,美国保持着世界上最令人艳羡的地位，拥有世界领先的资产、资源和优势，其中包括：,全球最先进、最具创新性和最赚钱的技术行业，支撑着我们的经济，为我们的军队提供了质量优势，并增强了我们的全球影响力；,,,
III. What Are America's Available Means to Get What We Want?,"America retains the world’s most enviable position, with world-leading assets, resources, and advantages, including: ",The world’s most powerful and capable military; ,,,,三、美国有哪些途径可以获得我们想要的东西？,美国保持着世界上最令人艳羡的地位，拥有世界领先的资产、资源和优势，其中包括：,世界上最强大、最有能力的军队；,,,
III. What Are America's Available Means to Get What We Want?,"America retains the world’s most enviable position, with world-leading assets, resources, and advantages, including: ","A broad network of alliances, with treaty allies and partners in the world’s most strategically important regions; ",,,,三、美国有哪些途径可以获得我们想要的东西？,美国保持着世界上最令人艳羡的地位，拥有世界领先的资产、资源和优势，其中包括：,在世界最具战略意义的地区，拥有广泛的联盟网络，包括条约盟友和伙伴；,,,
III. What Are America's Available Means to Get What We Want?,"America retains the world’s most enviable position, with world-leading assets, resources, and advantages, including: ","An enviable geography with abundant natural resources, no competing powers physically dominant in our Hemisphere, borders at no risk of military invasion, and other great powers separated by vast oceans; ",,,,三、美国有哪些途径可以获得我们想要的东西？,美国保持着世界上最令人艳羡的地位，拥有世界领先的资产、资源和优势，其中包括：,我们拥有令人艳羡的地理位置，自然资源丰富，西半球没有其他势力占据绝对优势，边界没有军事入侵的风险，其他大国之间被浩瀚的海洋隔开；,,,
III. What Are America's Available Means to Get What We Want?,"America retains the world’s most enviable position, with world-leading assets, resources, and advantages, including: ",Unmatched “soft power” and cultural influence;,,,,三、美国有哪些途径可以获得我们想要的东西？,美国保持着世界上最令人艳羡的地位，拥有世界领先的资产、资源和优势，其中包括：,无与伦比的“软实力”和文化影响力；,,,
III. What Are America's Available Means to Get What We Want?,"America retains the world’s most enviable position, with world-leading assets, resources, and advantages, including: ","The courage, willpower, and patriotism of the American people. ",,,,三、美国有哪些途径可以获得我们想要的东西？,美国保持着世界上最令人艳羡的地位，拥有世界领先的资产、资源和优势，其中包括：,美国人民的勇气、意志力和爱国精神。,,,
III. What Are America's Available Means to Get What We Want?,"In addition, through President Trump’s robust domestic agenda, the United States is: ","Re-instilling a culture of competence, rooting out so-called “DEI” and other discriminatory and anti-competitive practices that degrade our institutions and hold us back; ",,,,三、美国有哪些途径可以获得我们想要的东西？,此外，通过特朗普总统强有力的国内政策议程，美国正在：,重新建立能力文化，根除所谓的“多元、公平和包容”以及其他歧视性和反竞争性做法，这些做法会损害我们的机构并阻碍我们的发展；,,,
III. What Are America's Available Means to Get What We Want?,"In addition, through President Trump’s robust domestic agenda, the United States is: ","Unleashing our enormous energy production capacity as a strategic priority to fuel growth and innovation, and to bolster and rebuild the middle class; ",,,,三、美国有哪些途径可以获得我们想要的东西？,此外，通过特朗普总统强有力的国内政策议程，美国正在：,将释放我们巨大的能源生产能力作为战略重点，以促进增长和创新，并加强和重建中产阶级；,,,
III. What Are America's Available Means to Get What We Want?,"In addition, through President Trump’s robust domestic agenda, the United States is: ","Reindustrializing our economy, again to further support the middle class and control our own supply chains and production capacities; ",,,,三、美国有哪些途径可以获得我们想要的东西？,此外，通过特朗普总统强有力的国内政策议程，美国正在：,再次推进经济再工业化，以进一步支持中产阶级，并控制我们自身的供应链和生产能力；,,,
III. What Are America's Available Means to Get What We Want?,"In addition, through President Trump’s robust domestic agenda, the United States is: ","Returning economic freedom to our citizens via historic tax cuts and deregulatory efforts, making the United States the premier place to do business and invest capital;",,,,三、美国有哪些途径可以获得我们想要的东西？,此外，通过特朗普总统强有力的国内政策议程，美国正在：,通过历史性的减税和放松管制措施，将经济自由归还给公民，使美国成为经商和投资的首选之地；,,,
III. What Are America's Available Means to Get What We Want?,"In addition, through President Trump’s robust domestic agenda, the United States is: ","Investing in emerging technologies and basic science, to ensure our continued prosperity, competitive advantage, and military dominance for future generations. ",,,,三、美国有哪些途径可以获得我们想要的东西？,此外，通过特朗普总统强有力的国内政策议程，美国正在：,投资于新兴技术和基础科学，以确保我们子孙后代的持续繁荣、竞争优势和军事优势。,,,
III. What Are America's Available Means to Get What We Want?,"The goal of this strategy is to tie together all of these world-leading assets, and others, to strengthen American power and preeminence and make our country even greater than it ever has been. ",,,,,三、美国有哪些途径可以获得我们想要的东西？,该战略的目标是将所有这些世界领先的资源以及其他资源整合起来，以增强美国的实力和霸主地位，使我们的国家比以往任何时候都更加伟大。,,,,
IV. The Strategy,1. Principles,"President Trump’s foreign policy is pragmatic without being “pragmatist,” realistic without being “realist,” principled without being “idealistic,” muscular without being “hawkish,” and restrained without being “dovish.” It is not grounded in traditional, political ideology. It is motivated above all by what works for America—or, in two words, “America First.” ",,,,四、策略,1. 原则,特朗普总统的外交政策务实而不“实用主义”，现实而不“现实主义”，有原则而不“理想主义”，强硬而不“鹰派”，克制而不“鸽派”。它并非基于传统的政治意识形态。它的首要动机是为美国谋利——或者用两个词概括就是“美国优先”。,,,
IV. The Strategy,1. Principles,"President Trump has cemented his legacy as The President of Peace. In addition to the remarkable success achieved during his first term with the historic Abraham Accords, President Trump has leveraged his dealmaking ability to secure unprecedented peace in eight conflicts throughout the world over the course of just eight months of his second term. He negotiated peace between Cambodia and Thailand, Kosovo and Serbia, the DRC and Rwanda, Pakistan and India, Israel and Iran, Egypt and Ethiopia, Armenia and Azerbaijan, and ended the war in Gaza with all living hostages returned to their families. ",,,,四、策略,1. 原则,特朗普总统已巩固了他“和平总统”的形象。除了在第一任期内通过历史性的《亚伯拉罕协议》取得的显著成就外，特朗普总统还凭借其卓越的谈判能力，在第二个任期短短八个月内，促成了全球八场冲突的和平，实现了前所未有的和平。他促成了柬埔寨与泰国、科索沃与塞尔维亚、刚果民主共和国与卢旺达、巴基斯坦与印度、以色列与伊朗、埃及与埃塞俄比亚、亚美尼亚与阿塞拜疆之间的和平，并结束了加沙战争，所有幸存的人质都得以返回家园。,,,
IV. The Strategy,1. Principles,"Stopping regional conflicts before they spiral into global wars that drag down whole continents is worthy of the Commander-in-Chief’s attention, and a priority for this administration. A world on fire, where wars come to our shores, is bad for American interests. President Trump uses unconventional diplomacy, America’s military might, and economic leverage to surgically extinguish embers of division between nuclear-capable nations and violent wars caused by centuries-long hatred. ",,,,四、策略,1. 原则,在地区冲突升级为席卷整个大陆的全球战争之前将其遏制，是三军统帅的当务之急，也是本届政府的优先事项。一个战火纷飞、战火蔓延至美国本土的世界，对美国的利益极为不利。特朗普总统运用非常规外交手段、美国的军事实力和经济影响力，精准地扑灭拥有核武器国家之间因数百年仇恨而引发的分裂余烬，以及由此引发的暴力战争。,,,
IV. The Strategy,1. Principles,"President Trump has proven that American foreign, defense, and intelligence policies must be driven by the following basic principles: ","Focused Definition of the National Interest – Since at least the end of the Cold War, administrations have often published National Security Strategies that seek to expand the definition of America’s “national interest” such that that almost no issue or endeavor is considered outside its scope. But to focus on everything is to focus on nothing. America’s core national security interests shall be our focus. ",,,四、策略,1. 原则,特朗普总统已经证明，美国的对外政策、国防政策和情报政策必须遵循以下基本原则：,对国家利益的明确界定——至少自冷战结束以来，历届政府经常发布国家安全战略，试图扩大美国“国家利益”的定义，以至于几乎所有问题或事业都被纳入其范畴。但面面俱到就等于一无所获。美国的核心国家安全利益才是我们关注的重点。,,
IV. The Strategy,1. Principles,"President Trump has proven that American foreign, defense, and intelligence policies must be driven by the following basic principles: ","Peace Through Strength – Strength is the best deterrent. Countries or other actors sufficiently deterred from threatening American interests will not do so. In addition, strength can enable us to achieve peace, because parties that respect our strength often seek our help and are receptive to our efforts to resolve conflicts and maintain peace. Therefore, the United States must maintain the strongest economy, develop the most advanced technologies, bolster our society’s cultural health, and field the world’s most capable military. ",,,四、策略,1. 原则,特朗普总统已经证明，美国的对外政策、国防政策和情报政策必须遵循以下基本原则：,以实力求和平——实力是最好的威慑。任何威胁美国利益的国家或其他行为体，只要受到足够的威慑，就不会轻易威胁美国利益。此外，实力还能帮助我们实现和平，因为尊重我们实力的各方往往会寻求我们的帮助，并乐于接受我们为解决冲突、维护和平所做的努力。因此，美国必须保持最强劲的经济，发展最先进的技术，增强社会文化健康，并拥有世界上最强大的军队。,,
IV. The Strategy,1. Principles,"President Trump has proven that American foreign, defense, and intelligence policies must be driven by the following basic principles: ","Predisposition to Non-Interventionism – In the Declaration of Independence, America’s founders laid down a clear preference for noninterventionism in the affairs of other nations and made clear the basis: just as all human beings possess God-given equal natural rights, all nations are entitled by “the laws of nature and nature’s God” to a “separate and equal station” with respect to one another. For a country whose interests are as numerous and diverse as ours, rigid adherence to non-interventionism is not possible. Yet this predisposition should set a high bar for what constitutes a justified intervention. ",,,四、策略,1. 原则,特朗普总统已经证明，美国的对外政策、国防政策和情报政策必须遵循以下基本原则：,不干涉主义倾向——在《独立宣言》中，美国的缔造者们明确表达了不干涉他国内政的立场，并阐明了其依据：正如所有人类都拥有上帝赋予的平等自然权利一样，所有国家也都根据“自然法则和自然之神”享有彼此“平等的地位”。对于像我们这样利益众多且多元的国家而言，严格遵守不干涉主义是不可能的。然而，这种倾向应当为何为正当的干涉行为设定很高的标准。,,
IV. The Strategy,1. Principles,"President Trump has proven that American foreign, defense, and intelligence policies must be driven by the following basic principles: ","Flexible Realism – U.S. policy will be realistic about what is possible and desirable to seek in its dealings with other nations. We seek good relations and peaceful commercial relations with the nations of the world without imposing on them democratic or other social change that differs widely from their traditions and histories. We recognize and affirm that there is nothing inconsistent or hypocritical in acting according to such a realistic assessment or in maintaining good relations with countries whose governing systems and societies differ from ours even as we push like-minded friends to uphold our shared norms, furthering our interests as we do so. ",,,四、策略,1. 原则,特朗普总统已经证明，美国的对外政策、国防政策和情报政策必须遵循以下基本原则：,灵活现实主义——美国政策将秉持务实态度，在与其他国家交往中，既要考虑可行性，也要考虑可取之处。我们寻求与世界各国建立良好关系和和平的商业关系，但不会强加于它们，使其接受与其传统和历史大相径庭的民主或其他社会变革。我们认识到并重申，在遵循这种务实评估的同时，与那些政体和社会与我们不同的国家保持良好关系，并敦促志同道合的朋友维护我们共同的准则，从而增进我们自身的利益，这并不自相矛盾，也不虚伪。,,
IV. The Strategy,1. Principles,"President Trump has proven that American foreign, defense, and intelligence policies must be driven by the following basic principles: ","Primacy of Nations – The world’s fundamental political unit is and will remain the nation-state. It is natural and just that all nations put their interests first and guard their sovereignty. The world works best when nations prioritize their interests. The United States will put our own interests first and, in our relations with other nations, encourage them to prioritize their own interests as well. We stand for the sovereign rights of nations, against the sovereignty-sapping incursions of the most intrusive transnational organizations, and for reforming those institutions so that they assist rather than hinder individual sovereignty and further American interests. ",,,四、策略,1. 原则,特朗普总统已经证明，美国的对外政策、国防政策和情报政策必须遵循以下基本原则：,国家至上——世界的基本政治单位是民族国家，而且将来也仍将如此。所有国家都将自身利益置于首位并捍卫主权，这是自然而然、合情合理的。当各国优先考虑自身利益时，世界才能运转得最好。美国将自身利益置于首位，并在与其他国家的关系中，鼓励它们也优先考虑自身利益。我们捍卫国家主权，反对最具侵略性的跨国组织对主权的侵蚀，并主张改革这些机构，使其能够促进而非阻碍国家主权，并增进美国利益。,,
IV. The Strategy,1. Principles,"President Trump has proven that American foreign, defense, and intelligence policies must be driven by the following basic principles: ","Sovereignty and Respect – The United States will unapologetically protect our own sovereignty. This includes preventing its erosion by transnational and international organizations, attempts by foreign powers or entities to censor our discourse or curtail our citizens’ free speech rights, lobbying and influence operations that seek to steer our policies or involve us in foreign conflicts, and the cynical manipulation of our immigration system to build up voting blocs loyal to foreign interests within our country. The  United States will chart our own course in the world and determine our own destiny, free of outside interference. ",,,四、策略,1. 原则,特朗普总统已经证明，美国的对外政策、国防政策和情报政策必须遵循以下基本原则：,主权与尊重——美国将毫不妥协地捍卫自身主权。这包括阻止跨国组织和国际组织侵蚀主权，阻止外国势力或实体审查我们的言论或限制公民的言论自由，阻止旨在左右我们政策或使我们卷入外国冲突的游说和影响力活动，以及阻止对移民制度的恶意操纵，以在我们国家建立效忠于外国利益的投票集团。美国将在不受外部干涉的情况下，自主规划自身在世界上的发展道路，决定自身的命运。,,
IV. The Strategy,1. Principles,"President Trump has proven that American foreign, defense, and intelligence policies must be driven by the following basic principles: ","Balance of Power – The United States cannot allow any nation to become so dominant that it could threaten our interests. We will work with allies and partners to maintain global and regional balances of power to prevent the emergence of dominant adversaries. As the United States rejects the ill-fated concept of global domination for itself, we must prevent the global, and in some cases even regional, domination of others. This does not mean wasting blood and treasure to curtail the influence of all the world’s great and middle powers. The outsized influence of larger, richer, and stronger nations is a timeless truth of international relations. This reality sometimes entails working with partners to thwart ambitions that threaten our joint interests. ",,,四、策略,1. 原则,特朗普总统已经证明，美国的对外政策、国防政策和情报政策必须遵循以下基本原则：,权力平衡——美国绝不允许任何国家变得过于强势，以至于威胁到我们的利益。我们将与盟友和伙伴合作，维护全球和区域权力平衡，防止出现主导性的对手。美国摒弃了追求全球霸权的失败理念，因此我们也必须阻止其他国家在全球范围内，甚至在某些情况下在区域范围内进行霸权。但这并不意味着要耗费大量人力物力去遏制世界各大强国和中等强国的影响力。大国、富国和强国拥有超乎寻常的影响力，这是国际关系中亘古不变的真理。面对这一现实，我们有时需要与伙伴合作，挫败那些威胁我们共同利益的野心。,,
IV. The Strategy,1. Principles,"President Trump has proven that American foreign, defense, and intelligence policies must be driven by the following basic principles: ","Pro-American Worker – American policy will be pro-worker, not merely pro-growth, and it will prioritize our own workers. We must rebuild an economy in which prosperity is broadly based and widely shared, not concentrated at the top or localized in certain industries or a few parts of our country. ",,,四、策略,1. 原则,特朗普总统已经证明，美国的对外政策、国防政策和情报政策必须遵循以下基本原则：,亲美工人——美国的政策将以工人为本，而不仅仅是以经济增长为本，并将优先考虑我们自己的工人。我们必须重建一个繁荣普惠、惠及大众的经济体，而不是将财富集中在顶层或某些行业或少数地区。,,
IV. The Strategy,1. Principles,"President Trump has proven that American foreign, defense, and intelligence policies must be driven by the following basic principles: ","Fairness – From military alliances to trade relations and beyond, the  United States will insist on being treated fairly by other countries. We will no longer tolerate, and can no longer afford, free-riding, trade imbalances, predatory economic practices, and other impositions on our nation’s historic goodwill that disadvantage our interests. As we want our allies to be rich and capable, so must our allies see that it is in their interest that the United States also remain rich and capable. In particular, we expect our allies to spend far more of their national Gross Domestic Product (GDP) on their own defense, to start to make up for the enormous imbalances accrued over decades of much greater spending by the United States. ",,,四、策略,1. 原则,特朗普总统已经证明，美国的对外政策、国防政策和情报政策必须遵循以下基本原则：,公平——从军事联盟到贸易关系，乃至其他领域，美国将坚持要求其他国家公平对待。我们不再容忍，也再也无法承受搭便车、贸易失衡、掠夺性经济行为以及其他损害我国历史声誉、损害我们利益的行为。我们希望盟友富裕且有能力，同样，盟友也必须认识到，美国保持富裕和有能力符合他们的利益。尤其重要的是，我们期望盟友将更多国内生产总值（GDP）用于自身国防，以弥补美国数十年来巨额国防开支所造成的巨大失衡。,,
IV. The Strategy,1. Principles,"President Trump has proven that American foreign, defense, and intelligence policies must be driven by the following basic principles: ","Competence and Merit – American prosperity and security depend on the development and promotion of competence. Competence and merit are among our greatest civilizational advantages: where the best Americans are hired, promoted, and honored, innovation and prosperity follow. Should competence be destroyed or systematically discouraged, complex systems that we take for granted—from infrastructure to national security to education and research—will cease to function. Should merit be smothered, America’s historic advantages in science, technology, industry, defense, and innovation will evaporate. The success of radical ideologies that seek to replace competence and merit with favored group status would render America unrecognizable and unable to defend itself. At the same time, we cannot allow meritocracy to be used as a justification to open America’s labor market to the world in the name of finding “global talent” that undercuts American workers. In our every principle and action, America and Americans must always come first. ",,,四、策略,1. 原则,特朗普总统已经证明，美国的对外政策、国防政策和情报政策必须遵循以下基本原则：,能力与才能——美国的繁荣与安全取决于能力的培养和提升。能力与才能是我们文明最宝贵的优势之一：当最优秀的美国人被聘用、晋升和表彰时，创新和繁荣便会随之而来。如果能力遭到摧毁或系统性地压制，我们习以为常的复杂系统——从基础设施到国家安全，再到教育和科研——都将停止运转。如果才能被扼杀，美国在科学、技术、工业、国防和创新领域的历史优势将荡然无存。那些试图以特权群体地位取代能力与才能的激进意识形态一旦得逞，将使美国面目全非，丧失自卫能力。与此同时，我们绝不能允许以“全球人才”为名，将美国劳动力市场开放给世界，从而损害美国工人的利益。在我们所有的原则和行动中，美国和美国人民必须始终放在首位。,,
IV. The Strategy,2. Priorities,"The Era of Mass Migration Is Over – Who a country admits into its borders—in what numbers and from where—will inevitably define the future of that nation. Any country that considers itself sovereign has the right and duty to define its future. Throughout history, sovereign nations prohibited uncontrolled migration and granted citizenship only rarely to foreigners, who also had to meet demanding criteria. The West’s experience over the past decades vindicates this enduring wisdom. In countries throughout the world, mass migration has strained domestic resources, increased violence and other crime, weakened social cohesion, distorted labor markets, and undermined national security. The era of mass migration must end. Border security is the primary element of national security. We must protect our country from invasion, not just from unchecked migration but from cross-border threats such as terrorism, drugs, espionage, and human trafficking. A border controlled by the will of the American people as implemented by their government is fundamental to the survival of the United States as a sovereign republic. ",,,,四、策略,2. 优先事项,大规模移民时代已经结束——一个国家允许哪些人入境，允许多少人入境，以及他们来自哪里，这些都将不可避免地决定该国的未来。任何自认为主权的国家都有权利和义务决定自己的未来。纵观历史，主权国家都禁止不受控制的移民，并且极少向外国人授予公民身份，即使授予，也必须满足严格的条件。西方国家过去几十年的经验证明了这一历久弥新的智慧。在世界各国，大规模移民加剧了国内资源紧张，增加了暴力和其他犯罪，削弱了社会凝聚力，扭曲了劳动力市场，并损害了国家安全。大规模移民时代必须结束。边境安全是国家安全的首要要素。我们必须保护我们的国家免受入侵，不仅要防范不受控制的移民，还要防范恐怖主义、毒品、间谍活动和人口贩运等跨境威胁。由美国人民的意志控制并由其政府执行的边境管理，对于美国作为一个主权共和国的生存至关重要。,,,
IV. The Strategy,2. Priorities,"Protection of Core Rights and Liberties – The purpose of the American government is to secure the God-given natural rights of American citizens. To this end, departments and agencies of the United States Government have been granted fearsome powers. Those powers must never be abused, whether under the guise of “deradicalization,” “protecting our democracy,” or any other pretext. When and where those powers are abused, abusers must be held accountable. In particular, the rights of free speech, freedom of religion and of conscience, and the right to choose and steer our common government are core rights that must never be infringed. Regarding countries that share, or say they share, these principles, the United States will advocate strongly that they be upheld in letter and spirit. We will oppose elite-driven, anti-democratic restrictions on core liberties in Europe, the Anglosphere, and the rest of the democratic world, especially among our allies. ",,,,四、策略,2. 优先事项,保护核心权利和自由——美国政府的宗旨是保障美国公民与生俱来的天赋权利。为此，美国政府各部门和机构被赋予了强大的权力。无论以“去极端化”、“保护民主”或其他任何借口，这些权力都绝不能被滥用。一旦发现滥用权力的行为，必须追究滥用者的责任。尤其重要的是，言论自由、宗教自由、良心自由以及选择和领导我们共同政府的权利是核心权利，绝不能受到侵犯。对于认同或声称认同这些原则的国家，美国将强烈倡导其切实维护这些原则的字面和精神。我们将反对欧洲、英语世界以及其他民主国家（尤其是我们的盟友）中由精英阶层主导的、反民主的对核心自由的限制。,,,
IV. The Strategy,2. Priorities,"Burden-Sharing and Burden-Shifting – The days of the United States propping up the entire world order like Atlas are over. We count among our many allies and partners dozens of wealthy, sophisticated nations that must assume primary responsibility for their regions and contribute far more to our collective defense. President Trump has set a new global standard with the Hague Commitment, which pledges NATO countries to spend 5 percent of GDP on defense and which our NATO allies have endorsed and must now meet. Continuing President Trump’s approach of asking allies to assume primary responsibility for their regions, the United States will organize a burden-sharing network, with our government as convener and supporter. This approach ensures that burdens are shared and that all such efforts benefit from broader legitimacy. The model will be targeted partnerships that use economic tools to align incentives, share burdens with like-minded allies, and insist on reforms that anchor long-term stability. This strategic clarity will allow the United States to counter hostile and subversive influences efficiently while avoiding the overextension and diffuse focus that undermined past efforts. The United States will stand ready to help— potentially through more favorable treatment on commercial matters, technology sharing, and defense procurement—those counties that willingly take more responsibility for security in their neighborhoods and align their export controls with ours. ",,,,四、策略,2. 优先事项,分担责任与转移责任——美国像阿特拉斯一样支撑整个世界秩序的时代已经结束。在我们众多的盟友和伙伴中，有数十个富裕且高度发达的国家，它们必须承担起各自区域的主要责任，并为我们的集体防御做出更大的贡献。特朗普总统通过《海牙承诺》树立了新的全球标准，该承诺要求北约成员国将国内生产总值的5%用于国防开支，我们的北约盟国已经认可并必须履行这一承诺。为了延续特朗普总统要求盟友承担各自区域主要责任的做法，美国将组织一个责任分担网络，由美国政府作为召集人和支持者。这种做法确保了责任的分担，并使所有此类努力都能获得更广泛的合法性。该模式将建立有针对性的伙伴关系，利用经济手段协调各方利益，与志同道合的盟友分担责任，并坚持推进能够巩固长期稳定的改革。这种战略上的清晰性将使美国能够有效地应对敌对和颠覆性影响，同时避免以往因过度扩张和分散精力而导致的努力失败。美国随时准备帮助那些愿意承担更多周边地区安全责任并使其出口管制与美国保持一致的国家——这可能包括在商业事务、技术共享和国防采购方面提供更优惠的待遇。,,,
IV. The Strategy,2. Priorities,"Realignment Through Peace – Seeking peace deals at the President’s direction, even in regions and countries peripheral to our immediate core interests, is an effective way to increase stability, strengthen America’s global influence, realign countries and regions toward our interests, and open new markets. The resources required boil down to presidential diplomacy, which our great nation can embrace only with competent leadership. The dividends—an end to longstanding conflicts, lives saved, new friends made—can vastly outweigh the relatively minor costs of time and attention.",,,,四、策略,2. 优先事项,通过和平进行重组——在总统的指示下寻求和平协议，即使是在与我们核心利益关系不大的地区和国家，也是增强稳定性、巩固美国全球影响力、使各国和地区向美国利益靠拢以及开拓新市场的有效途径。所需的资源归根结底在于总统的外交努力，而我们伟大的国家只有在具备卓越领导力的情况下才能开展这项工作。其带来的回报——结束长期冲突、挽救生命、结交新朋友——远远超过投入的时间和精力。,,,
IV. The Strategy,2. Priorities,"Economic Security – Finally, because economic security is fundamental to national security, we will work to further strengthen the American economy, with emphases on: ","Balanced Trade – The United States will prioritize rebalancing our trade relations, reducing trade deficits, opposing barriers to our exports, and ending dumping and other anti-competitive practices that hurt American industries and workers. We seek fair, reciprocal trade deals with nations that want to trade with us on a basis of mutual benefit and respect. But our priorities must and will be our own workers, our own industries, and our own national security. ",,,四、策略,2. 优先事项,经济安全——最后，由于经济安全是国家安全的根本，我们将致力于进一步加强美国经济，重点关注以下方面：,平衡贸易——美国将优先重新平衡贸易关系，减少贸易逆差，反对出口壁垒，并终止倾销和其他损害美国产业和工人利益的反竞争行为。我们寻求与那些希望在互惠互利和相互尊重的基础上与我们开展贸易的国家达成公平互惠的贸易协定。但我们的首要任务必须而且必将是我们自己的工人、我们自己的产业以及我们自己的国家安全。,,
IV. The Strategy,2. Priorities,"Economic Security – Finally, because economic security is fundamental to national security, we will work to further strengthen the American economy, with emphases on: ","Securing Access to Critical Supply Chains and Materials – As Alexander Hamilton argued in our republic’s earliest days, the  United States must never be dependent on any outside power for core components—from raw materials to parts to finished products— necessary to the nation’s defense or economy. We must re-secure our own independent and reliable access to the goods we need to defend ourselves and preserve our way of life. This will require expanding American access to critical minerals and materials while countering predatory economic practices. Moreover, the Intelligence Community will monitor key supply chains and technological advances around the world to ensure we understand and mitigate vulnerabilities and threats to American security and prosperity. ",,,四、策略,2. 优先事项,经济安全——最后，由于经济安全是国家安全的根本，我们将致力于进一步加强美国经济，重点关注以下方面：,确保关键供应链和物资供应——正如亚历山大·汉密尔顿在共和国建国初期所主张的那样，美国绝不能依赖任何外部势力获取国家国防和经济所需的核心要素——从原材料到零部件再到成品。我们必须重新确保自身独立可靠地获取保卫国家和维护生活方式所需的物资。这需要扩大美国获取关键矿产和物资的渠道，同时打击掠夺性的经济行为。此外，情报部门将密切监控全球关键供应链和技术进步，以确保我们了解并减轻对美国安全和繁荣的威胁和风险。,,
IV. The Strategy,2. Priorities,"Economic Security – Finally, because economic security is fundamental to national security, we will work to further strengthen the American economy, with emphases on: ","Reindustrialization – The future belongs to makers. The  United States will reindustrialize its economy, “re-shore” industrial production, and encourage and attract investment in our economy and our workforce, with a focus on the critical and emerging technology sectors that will define the future. We will do so through the strategic use of tariffs and new technologies that favor widespread industrial production in every corner of our nation, raise living standards for American workers, and ensure that our country is never again reliant on any adversary, present or potential, for critical products or components. ",,,四、策略,2. 优先事项,经济安全——最后，由于经济安全是国家安全的根本，我们将致力于进一步加强美国经济，重点关注以下方面：,再工业化——未来属于创造者。美国将重振经济，将工业生产“迁回”本土，并鼓励和吸引对美国经济和劳动力的投资，重点关注那些将定义未来的关键和新兴技术领域。我们将通过战略性地运用关税和新技术来实现这一目标，这些措施有利于在全国各地广泛开展工业生产，提高美国工人的生活水平，并确保我国在关键产品或零部件方面不再依赖任何现有或潜在的对手。,,
IV. The Strategy,2. Priorities,"Economic Security – Finally, because economic security is fundamental to national security, we will work to further strengthen the American economy, with emphases on: ","Reviving our Defense Industrial Base – A strong, capable military cannot exist without a strong, capable defense industrial base. The huge gap, demonstrated in recent conflicts, between low-cost drones and missiles versus the expensive systems required to defend against them has laid bare our need to change and adapt. America requires a national mobilization to innovate powerful defenses at low cost, to produce the most capable and modern systems and munitions at scale, and to re-shore our defense industrial supply chains. In particular, we must provide our warfighters with the full range of capabilities, ranging from low-cost weapons that can defeat most adversaries up to the most capable high-end systems necessary for a conflict with a sophisticated enemy. And to realize President Trump’s vision of peace through strength, we must do so quickly. We will also encourage the revitalization of the industrial bases of all our allies and partners to strengthen collective defense.",,,四、策略,2. 优先事项,经济安全——最后，由于经济安全是国家安全的根本，我们将致力于进一步加强美国经济，重点关注以下方面：,重振国防工业基础——没有强大而高效的国防工业基础，就没有强大而高效的军队。近期冲突中暴露出的巨大差距——低成本无人机和导弹与防御它们所需的昂贵系统之间存在巨大鸿沟——凸显了我们变革和适应的必要性。美国需要全国动员起来，以低成本创新强大的防御系统，大规模生产最先进、最高效的系统和弹药，并将国防工业供应链重新纳入国内。尤其重要的是，我们必须为作战人员提供全方位的能力，从能够击败大多数对手的低成本武器，到应对复杂敌人所需的最先进高端系统。为了实现特朗普总统“以实力求和平”的愿景，我们必须迅速行动。我们还将鼓励所有盟友和伙伴振兴其工业基础，以加强集体防御。,,
IV. The Strategy,2. Priorities,"Economic Security – Finally, because economic security is fundamental to national security, we will work to further strengthen the American economy, with emphases on: ","Energy Dominance – Restoring American energy dominance (in oil, gas, coal, and nuclear) and reshoring the necessary key energy components is a top strategic priority. Cheap and abundant energy will produce well-paying jobs in the United States, reduce costs for American consumers and businesses, fuel reindustrialization, and help maintain our advantage in cutting-edge technologies such as AI. Expanding our net energy exports will also deepen relationships with allies while curtailing the influence of adversaries, protect our ability to defend our shores, and—when and where necessary—enables us to project power. We reject the disastrous “climate change” and “Net Zero” ideologies that have so greatly harmed Europe, threaten the United States, and subsidize our adversaries. ",,,四、策略,2. 优先事项,经济安全——最后，由于经济安全是国家安全的根本，我们将致力于进一步加强美国经济，重点关注以下方面：,能源主导地位——恢复美国在石油、天然气、煤炭和核能领域的主导地位，并将必要的关键能源部件迁回国内，是我们的首要战略要务。廉价且充足的能源将为美国创造高薪就业机会，降低美国消费者和企业的成本，推动再工业化进程，并有助于我们保持人工智能等尖端技术领域的优势。扩大能源净出口也将深化与盟友的关系，同时削弱对手的影响力，保护我们的海岸防御能力，并在必要时投射力量。我们反对灾难性的“气候变化”和“净零排放”意识形态，这些意识形态已经对欧洲造成了巨大损害，威胁到美国，并资助了我们的对手。,,
IV. The Strategy,2. Priorities,"Economic Security – Finally, because economic security is fundamental to national security, we will work to further strengthen the American economy, with emphases on: ","Preserving and Growing America’s Financial Sector Dominance – The United States boasts the world’s leading financial and capital markets, which are pillars of American influence that afford policymakers significant leverage and tools to advance America’s national security priorities. But our leadership position cannot be taken for granted. Preserving and growing our dominance entails leveraging our dynamic free market system and our leadership in digital finance and innovation to ensure that our markets continue to be the most dynamic, liquid, and secure and remain the envy of the world. ",,,四、策略,2. 优先事项,经济安全——最后，由于经济安全是国家安全的根本，我们将致力于进一步加强美国经济，重点关注以下方面：,维护并巩固美国金融领域的主导地位——美国拥有世界领先的金融和资本市场，这些市场是美国影响力的支柱，为政策制定者提供了重要的杠杆和工具，以推进美国的国家安全优先事项。但我们的领导地位并非理所当然。维护并巩固我们的主导地位，需要充分利用我们充满活力的自由市场体系以及在数字金融和创新领域的领先地位，以确保我们的市场继续保持最具活力、流动性和安全性，并继续令世界艳羡。,,
IV. The Strategy,3. The Regions,"It has become customary for documents such as this to mention every part of the world and issue, on the assumption that any oversight signifies a blind spot or a snub. As a result, such documents become bloated and unfocused—the opposite of what a strategy should be. ",,,,四、策略,3. 各地区,如今，这类文件往往事无巨细地提及世界各地和各种问题，仿佛任何疏漏都意味着存在盲点或冷落。结果，这类文件变得冗长臃肿、缺乏重点——这与战略的初衷背道而驰。,,,
IV. The Strategy,3. The Regions,"To focus and prioritize is to choose—to acknowledge that not everything matters equally, to everyone. It is not to assert that any peoples, regions, or countries are somehow intrinsically unimportant. The United States is by every measure the most generous nation in history—yet we cannot afford to be equally attentive to every region and every problem in the world. ",,,,四、策略,3. 各地区,专注和分清轻重缓急是一种选择——它承认并非所有事物对每个人来说都同等重要。这并非断言任何民族、地区或国家本质上不重要。美国无论从哪个角度来看都是历史上最慷慨的国家——然而，我们无法对世界上的每个地区和每个问题都给予同等的关注。,,,
IV. The Strategy,3. The Regions,"The purpose of national security policy is the protection of core national interests—some priorities transcend regional confines. For instance, terrorist activity in an otherwise less consequential area might force our urgent attention. But leaping from that necessity to sustained attention to the periphery is a mistake. ",,,,四、策略,3. 各地区,国家安全政策的目的是保护核心国家利益——有些优先事项超越了地域界限。例如，在原本影响较小的地区发生的恐怖活动可能会迫使我们紧急关注。但由此而来，就将注意力持续放在周边地区，则是错误的。,,,
IV. The Strategy,3. The Regions,A. Western Hemisphere: The Trump Corollary to the Monroe Doctrine ,"After years of neglect, the United States will reassert and enforce the Monroe Doctrine to restore American preeminence in the Western Hemisphere, and to protect our homeland and our access to key geographies throughout the region. We will deny non-Hemispheric competitors the ability to position forces or other threatening capabilities, or to own or control strategically vital assets, in our Hemisphere. This “Trump Corollary” to the Monroe Doctrine is a common-sense and potent restoration of American power and priorities, consistent with American security interests. ",,,四、策略,3. 各地区, A. 西半球：特朗普对门罗主义的推论,经过多年的忽视，美国将重申并执行门罗主义，以恢复美国在西半球的霸权地位，并保护我们的国土以及我们进入该地区关键地域的通道。我们将阻止非西半球竞争对手在我们西半球部署军队或其他威胁性能力，或拥有或控制具有战略意义的重要资产。这一“特朗普对门罗主义的补充”是符合常理且强有力的恢复美国实力和优先事项的举措，符合美国的安全利益。,,
IV. The Strategy,3. The Regions,A. Western Hemisphere: The Trump Corollary to the Monroe Doctrine ,"Our goals for the Western Hemisphere can be summarized as “Enlist and Expand.” We will enlist established friends in the Hemisphere to control migration, stop drug flows, and strengthen stability and security on land and sea. We will expand by cultivating and strengthening new partners while bolstering our own nation’s appeal as the Hemisphere’s economic and security partner of choice. ",,,四、策略,3. 各地区, A. 西半球：特朗普对门罗主义的推论,我们在西半球的目标可以概括为“争取和拓展”。我们将争取西半球现有盟友的支持，以控制移民、遏制毒品流动，并加强陆地和海洋的稳定与安全。我们将通过培养和加强新的合作伙伴来拓展合作，同时提升我国作为西半球首选经济和安全伙伴的吸引力。,,
IV. The Strategy,3. The Regions,A. Western Hemisphere: The Trump Corollary to the Monroe Doctrine ,Enlist,"American policy should focus on enlisting regional champions that can help create tolerable stability in the region, even beyond those partners’ borders. These nations would help us stop illegal and destabilizing migration, neutralize cartels, nearshore manufacturing, and develop local private economies, among other things. We will reward and encourage the region’s governments, political parties, and movements broadly aligned with our principles and strategy. But we must not overlook governments with different outlooks with whom we nonetheless share interests and who want to work with us. ",,四、策略,3. 各地区, A. 西半球：特朗普对门罗主义的推论,入伍,美国政策应着重争取区域内能够帮助该地区（甚至超越其国界）建立可容忍稳定的国家。这些国家将帮助我们阻止非法和破坏稳定的移民，遏制贩毒集团和近岸制造业，并发展当地私营经济等等。我们将奖励和鼓励该地区与我们原则和战略大致一致的政府、政党和运动。但我们绝不能忽视那些与我们观点不同，但与我们拥有共同利益，并愿意与我们合作的政府。,
IV. The Strategy,3. The Regions,A. Western Hemisphere: The Trump Corollary to the Monroe Doctrine ,Enlist,The United States must reconsider our military presence in the Western Hemisphere. This means four obvious things: ,"A readjustment of our global military presence to address urgent threats in our Hemisphere, especially the missions identified in this strategy, and away from theaters whose relative import to American national security has declined in recent decades or years; ",四、策略,3. 各地区, A. 西半球：特朗普对门罗主义的推论,入伍,美国必须重新审视其在西半球的军事存在。这意味着四件显而易见的事情：,调整我们的全球军事存在，以应对我们半球的紧迫威胁，特别是本战略中确定的任务，并撤离那些在近几十年或几年中对美国国家安全相对重要性有所下降的地区；
IV. The Strategy,3. The Regions,A. Western Hemisphere: The Trump Corollary to the Monroe Doctrine ,Enlist,The United States must reconsider our military presence in the Western Hemisphere. This means four obvious things: ,"A more suitable Coast Guard and Navy presence to control sea lanes, to thwart illegal and other unwanted migration, to reduce human and drug trafficking, and to control key transit routes in a crisis;",四、策略,3. 各地区, A. 西半球：特朗普对门罗主义的推论,入伍,美国必须重新审视其在西半球的军事存在。这意味着四件显而易见的事情：,更适宜部署海岸警卫队和海军力量，以控制海上航道，阻止非法和其他不受欢迎的移民，减少人口贩运和毒品贩运，并在危机时期控制关键过境路线；
IV. The Strategy,3. The Regions,A. Western Hemisphere: The Trump Corollary to the Monroe Doctrine ,Enlist,The United States must reconsider our military presence in the Western Hemisphere. This means four obvious things: ,"Targeted deployments to secure the border and defeat cartels, including where necessary the use of lethal force to replace the failed law enforcement-only strategy of the last several decades;",四、策略,3. 各地区, A. 西半球：特朗普对门罗主义的推论,入伍,美国必须重新审视其在西半球的军事存在。这意味着四件显而易见的事情：,有针对性地部署兵力，以确保边境安全和打击贩毒集团，包括在必要时使用致命武力，以取代过去几十年失败的仅依靠执法手段的策略；
IV. The Strategy,3. The Regions,A. Western Hemisphere: The Trump Corollary to the Monroe Doctrine ,Enlist,The United States must reconsider our military presence in the Western Hemisphere. This means four obvious things: ,Establishing or expanding access in strategically important locations. ,四、策略,3. 各地区, A. 西半球：特朗普对门罗主义的推论,入伍,美国必须重新审视其在西半球的军事存在。这意味着四件显而易见的事情：,在具有战略意义的地点建立或扩大通道。
IV. The Strategy,3. The Regions,A. Western Hemisphere: The Trump Corollary to the Monroe Doctrine ,Enlist,"The United States will prioritize commercial diplomacy, to strengthen our own economy and industries, using tariffs and reciprocal trade agreements as powerful tools. The goal is for our partner nations to build up their domestic economies, while an economically stronger and more sophisticated Western Hemisphere becomes an increasingly attractive market for American commerce and investment. ",,四、策略,3. 各地区, A. 西半球：特朗普对门罗主义的推论,入伍,美国将优先发展商业外交，以关税和互惠贸易协定为有力工具，增强自身经济和产业实力。目标是帮助伙伴国家发展国内经济，同时使经济实力更强、更加成熟的西半球成为对美国商业和投资更具吸引力的市场。,
IV. The Strategy,3. The Regions,A. Western Hemisphere: The Trump Corollary to the Monroe Doctrine ,Enlist,"Strengthening critical supply chains in this Hemisphere will reduce dependencies and increase American economic resilience. The linkages created between America and our partners will benefit both sides while making it harder for nonHemispheric competitors to increase their influence in the region. And even as we prioritize commercial diplomacy, we will work to strengthen our security partnerships—from weapons sales to intelligence sharing to joint exercises. ",,四、策略,3. 各地区, A. 西半球：特朗普对门罗主义的推论,入伍,加强西半球的关键供应链将降低依赖性，增强美国经济的韧性。美国与其伙伴之间建立的联系将使双方受益，同时也将使非西半球竞争对手更难扩大其在该地区的影响力。即便我们优先发展商业外交，我们也将致力于加强安全伙伴关系——从武器销售到情报共享，再到联合演习。,
IV. The Strategy,3. The Regions,A. Western Hemisphere: The Trump Corollary to the Monroe Doctrine ,Expand,"As we deepen our partnerships with countries with whom America presently has strong relations, we must look to expand our network in the region. We want other nations to see us as their partner of first choice, and we will (through various means) discourage their collaboration with others.",,四、策略,3. 各地区, A. 西半球：特朗普对门罗主义的推论,扩张,随着我们与目前与美国关系密切的国家深化伙伴关系，我们必须着眼于扩大我们在该地区的网络。我们希望其他国家将我们视为首选合作伙伴，并且我们将（通过各种手段）阻止他们与其他国家合作。,
IV. The Strategy,3. The Regions,A. Western Hemisphere: The Trump Corollary to the Monroe Doctrine ,Expand,"The Western Hemisphere is home to many strategic resources that America should partner with regional allies to develop, to make neighboring countries as well as our own more prosperous. The National Security Council will immediately begin a robust interagency process to task agencies, supported by our Intelligence Community’s analytical arm, to identify strategic points and resources in the Western Hemisphere with a view to their protection and joint development with regional partners. ",,四、策略,3. 各地区, A. 西半球：特朗普对门罗主义的推论,扩张,西半球蕴藏着众多战略资源，美国应与区域盟友合作开发这些资源，以促进邻国以及美国自身的繁荣发展。国家安全委员会将立即启动一项强有力的跨部门合作机制，责成各机构在情报部门分析机构的支持下，识别西半球的战略要点和资源，以期保护这些资源并与区域伙伴开展联合开发。,
IV. The Strategy,3. The Regions,A. Western Hemisphere: The Trump Corollary to the Monroe Doctrine ,Expand,"Non-Hemispheric competitors have made major inroads into our Hemisphere, both to disadvantage us economically in the present, and in ways that may harm us strategically in the future. Allowing these incursions without serious pushback is another great American strategic mistake of recent decades. ",,四、策略,3. 各地区, A. 西半球：特朗普对门罗主义的推论,扩张,非西半球竞争对手已对我们半球造成了重大冲击，这不仅在当前经济上损害了我们的利益，而且在未来也可能对我们造成战略上的危害。放任这些入侵而不采取强有力的反击措施，是美国近几十年来犯下的又一个重大战略错误。,
IV. The Strategy,3. The Regions,A. Western Hemisphere: The Trump Corollary to the Monroe Doctrine ,Expand,"The United States must be preeminent in the Western Hemisphere as a condition of our security and prosperity—a condition that allows us to assert ourselves confidently where and when we need to in the region. The terms of our alliances, and the terms upon which we provide any kind of aid, must be contingent on winding down adversarial outside influence—from control of military installations, ports, and key infrastructure to the purchase of strategic assets broadly defined. ",,四、策略,3. 各地区, A. 西半球：特朗普对门罗主义的推论,扩张,美国必须在西半球保持主导地位，这是我们安全与繁荣的前提条件——这一条件使我们能够在需要时自信地在该地区行使权力。我们结盟的条件，以及我们提供任何形式援助的条件，都必须以逐步削弱敌对外部势力的影响为前提——从控制军事设施、港口和关键基础设施，到购买广义上的战略资产。,
IV. The Strategy,3. The Regions,A. Western Hemisphere: The Trump Corollary to the Monroe Doctrine ,Expand,"Some foreign influence will be hard to reverse, given the political alignments between certain Latin American governments and certain foreign actors. However, many governments are not ideologically aligned with foreign powers but are instead attracted to doing business with them for other reasons, including low costs and fewer regulatory hurdles. The United States has achieved success in rolling back outside influence in the Western Hemisphere by demonstrating, with specificity, how many hidden costs—in espionage, cybersecurity, debt-traps, and other ways—are embedded in allegedly “low cost” foreign assistance. We should accelerate these efforts, including by utilizing U.S. leverage in finance and technology to induce countries to reject such assistance. ",,四、策略,3. 各地区, A. 西半球：特朗普对门罗主义的推论,扩张,鉴于某些拉美国家政府与某些外国势力之间的政治联盟，一些外国影响难以逆转。然而，许多国家的政府并非在意识形态上与外国势力结盟，而是出于其他原因（例如低成本和较少的监管障碍）而乐于与它们开展业务。美国已成功遏制了西半球的外部影响，其方法是具体揭示了所谓“低成本”对外援助中隐藏的诸多成本——包括间谍活动、网络安全、债务陷阱等等。我们应该加快这些努力，包括利用美国在金融和技术领域的影响力，促使各国拒绝此类援助。,
IV. The Strategy,3. The Regions,A. Western Hemisphere: The Trump Corollary to the Monroe Doctrine ,Expand,"In the Western Hemisphere—and everywhere in the world—the United States should make clear that American goods, services, and technologies are a far better buy in the long run, because they are higher quality and do not come with the same kind of strings as other countries’ assistance. That said, we will reform our own system to expedite approvals and licensing—again, to make ourselves the partner of first choice. The choice all countries should face is whether they want to live in an American-led world of sovereign countries and free economies or in a parallel one in which they are influenced by countries on the other side of the world. ",,四、策略,3. 各地区, A. 西半球：特朗普对门罗主义的推论,扩张,在西半球乃至全世界，美国都应该明确表明，从长远来看，美国的商品、服务和技术远比其他国家的更划算，因为它们质量更高，而且不像其他国家的援助那样附加各种条件。即便如此，我们仍将改革自身的审批和许可流程，以期再次成为首选合作伙伴。所有国家都应该面临这样的选择：是希望生活在一个由美国主导、主权国家和自由经济体并存的世界，还是希望生活在一个受制于地球另一端国家的平行世界？,
IV. The Strategy,3. The Regions,A. Western Hemisphere: The Trump Corollary to the Monroe Doctrine ,Expand,Every U.S. official working in or on the region must be up to speed on the full picture of detrimental outside influence while simultaneously applying pressure and offering incentives to partner countries to protect our Hemisphere. ,,四、策略,3. 各地区, A. 西半球：特朗普对门罗主义的推论,扩张,每位在该地区工作或参与该地区事务的美国官员都必须全面了解外部有害影响的全貌，同时向伙伴国家施加压力并提供激励措施，以保护我们的半球。,
IV. The Strategy,3. The Regions,A. Western Hemisphere: The Trump Corollary to the Monroe Doctrine ,Expand,"Successfully protecting our Hemisphere also requires closer collaboration between the U.S. Government and the American private sector. All our embassies must be aware of major business opportunities in their country, especially major government contracts. Every U.S. Government official that interacts with these countries should understand that part of their job is to help American companies compete and succeed. ",,四、策略,3. 各地区, A. 西半球：特朗普对门罗主义的推论,扩张,成功保护西半球也需要美国政府与美国私营部门更紧密的合作。我们所有驻外使馆都必须了解其所在国的重大商业机遇，尤其是重要的政府合同。每一位与这些国家打交道的美国政府官员都应该明白，他们的部分职责是帮助美国公司参与竞争并取得成功。,
IV. The Strategy,3. The Regions,A. Western Hemisphere: The Trump Corollary to the Monroe Doctrine ,Expand,"The U.S. Government will identify strategic acquisition and investment opportunities for American companies in the region and present these opportunities for assessment by every U.S. Government financing program, including but not limited to those within the Departments of State, War, and Energy; the Small Business Administration; the International Development Finance Corporation; the Export-Import Bank; and the Millennium Challenge Corporation. We should also partner with regional governments and businesses to build scalable and resilient energy infrastructure, invest in critical mineral access, and harden existing and future cyber communications networks that take full advantage of American encryption and security potential. The aforementioned U.S. Government entities should be used to finance some of the costs of purchasing U.S. goods abroad. ",,四、策略,3. 各地区, A. 西半球：特朗普对门罗主义的推论,扩张,美国政府将为美国公司在该地区寻找战略收购和投资机会，并将这些机会提交给美国政府所有融资项目进行评估，包括但不限于国务院、战争部和能源部下属机构；小企业管理局；国际发展金融公司；进出口银行；以及千年挑战公司。我们还应与区域各国政府和企业合作，建设可扩展且具有韧性的能源基础设施，投资关键矿产资源，并加强现有和未来的网络通信网络，充分利用美国的加密和安全潜力。上述美国政府机构应被用于为在海外采购美国商品的部分成本提供融资。,
IV. The Strategy,3. The Regions,A. Western Hemisphere: The Trump Corollary to the Monroe Doctrine,Expand,"The United States must also resist and reverse measures such as targeted taxation, unfair regulation, and expropriation that disadvantage U.S. businesses. The terms of our agreements, especially with those countries that depend on us most and therefore over which we have the most leverage, must be sole-source contracts for our companies. At the same time, we should make every effort to push out foreign companies that build infrastructure in the region. ",,四、策略,3. 各地区,A. 西半球：特朗普对门罗主义的推论,扩张,美国还必须抵制并扭转诸如定向征税、不公平监管和征用等不利于美国企业的措施。我们与那些最依赖我们、因而我们拥有最大影响力的国家签订的协议条款，必须确保我们的企业享有独家合同。与此同时，我们应该尽一切努力将那些在该地区建设基础设施的外国公司驱逐出去。,
IV. The Strategy,3. The Regions,"B. Asia: Win the Economic Future, Prevent Military Confrontation",Leading from a Position of Strength ,"President Trump single-handedly reversed more than three decades of mistaken American assumptions about China: namely, that by opening our markets to China, encouraging American business to invest in China, and outsourcing our manufacturing to China, we would facilitate China’s entry into the so-called “rulesbased international order.” This did not happen. China got rich and powerful, and used its wealth and power to its considerable advantage. American elites—over four successive administrations of both political parties—were either willing enablers of China’s strategy or in denial. ",,四、策略,3. 各地区,B. 亚洲：赢得经济未来，避免军事对抗,从优势地位出发进行领导,特朗普总统凭借一己之力扭转了美国三十多年来对中国的错误认知：即通过向中国开放市场、鼓励美国企业在中国投资以及将制造业外包给中国，我们就能帮助中国融入所谓的“基于规则的国际秩序”。然而，事实并非如此。中国变得富裕而强大，并利用其财富和实力获得了巨大的优势。在两党连续四届政府中，美国精英要么是中国战略的帮凶，要么是否认这一事实。,
IV. The Strategy,3. The Regions,"B. Asia: Win the Economic Future, Prevent Military Confrontation",Leading from a Position of Strength ,"The Indo-Pacific is already the source of almost half the world’s GDP based on purchasing power parity (PPP), and one third based on nominal GDP. That share is certain to grow over the 21st century. Which means that the Indo-Pacific is already and will continue to be among the next century’s key economic and geopolitical battlegrounds. To thrive at home, we must successfully compete there—and we are. President Trump signed major agreements during his October 2025 travels that further deepen our powerful ties of commerce, culture, technology, and defense, and reaffirm our commitment to a free and open Indo-Pacific.",,四、策略,3. 各地区,B. 亚洲：赢得经济未来，避免军事对抗,从优势地位出发进行领导,按购买力平价计算，印太地区已贡献了全球近一半的GDP；按名义GDP计算，则占全球GDP的三分之一。这一比例在21世纪必将继续增长。这意味着印太地区现在是，并将继续是下个世纪关键的经济和地缘政治战场之一。为了在国内取得成功，我们必须在那里赢得竞争——而我们正在这样做。特朗普总统在2025年10月的访问期间签署了多项重要协议，进一步深化了我们在商业、文化、科技和国防领域的紧密联系，并重申了我们对自由开放的印太地区的承诺。,
IV. The Strategy,3. The Regions,"B. Asia: Win the Economic Future, Prevent Military Confrontation",Leading from a Position of Strength ,"America retains tremendous assets—the world’s strongest economy and military, world-beating innovation, unrivaled “soft power,” and a historic record of benefiting our allies and partners—that enable us to compete successfully. President Trump is building alliances and strengthening partnerships in the IndoPacific that will be the bedrock of security and prosperity long into the future. ",,四、策略,3. 各地区,B. 亚洲：赢得经济未来，避免军事对抗,从优势地位出发进行领导,美国拥有巨大的优势——世界最强大的经济和军事力量、世界领先的创新能力、无与伦比的“软实力”，以及历史上惠及盟友和伙伴的卓越记录——这些都使我们能够成功参与竞争。特朗普总统正在印太地区构建联盟并加强伙伴关系，这将成为未来长期安全与繁荣的基石。,
IV. The Strategy,3. The Regions,"B. Asia: Win the Economic Future, Prevent Military Confrontation",Economics: The Ultimate Stakes,"Since the Chinese economy reopened to the world in 1979, commercial relations between our two countries have been and remain fundamentally unbalanced. What began as a relationship between a mature, wealthy economy and one of the world’s poorest countries has transformed into one between near-peers, even as, until very recently, America’s posture remained rooted in those past assumptions. ",,四、策略,3. 各地区,B. 亚洲：赢得经济未来，避免军事对抗,经济学：终极赌注,自1979年中国经济向世界重新开放以来，我们两国之间的经贸关系一直并将继续处于根本性的不平衡状态。最初，两国关系是成熟富裕的经济体与世界上最贫穷的国家之一之间的关系，而如今，这种关系已转变为势均力敌的伙伴关系。尽管如此，直到最近，美国的立场仍然根植于过去的这些假设。,
IV. The Strategy,3. The Regions,"B. Asia: Win the Economic Future, Prevent Military Confrontation",Economics: The Ultimate Stakes,"China adapted to the shift in U.S. tariff policy that began in 2017 in part by strengthening its hold on supply chains, especially in the world’s low- and middleincome (i.e., per capita GDP $13,800 or less) countries—among the greatest economic battlegrounds of the coming decades. China’s exports to low-income countries doubled between 2020 and 2024. The United States imports Chinese goods indirectly from middlemen and Chinese-built factories in a dozen countries, including Mexico. China’s exports to low-income countries are today nearly four times its exports to the United States. When President Trump first took office in 2017, China’s exports to the United States stood at 4 percent of its GDP but have since fallen to slightly over 2 percent of its GDP. China continues, however, to export to the United States through other proxy countries. ",,四、策略,3. 各地区,B. 亚洲：赢得经济未来，避免军事对抗,经济学：终极赌注,"自2017年美国关税政策转变以来，中国采取的应对措施之一是加强对供应链的控制，尤其是在世界中低收入国家（即人均GDP低于13,800美元）——这些国家将是未来几十年经济竞争最为激烈的地区之一。2020年至2024年间，中国对低收入国家的出口翻了一番。美国通过中间商和中国在十几个国家（包括墨西哥）的工厂间接进口中国商品。如今，中国对低收入国家的出口额几乎是其对美国出口额的四倍。2017年特朗普总统首次上任时，中国对美国的出口额占其GDP的4%，但此后已降至略高于2%。然而，中国仍然通过其他代理国家继续向美国出口商品。",
IV. The Strategy,3. The Regions,"B. Asia: Win the Economic Future, Prevent Military Confrontation",Economics: The Ultimate Stakes,"Going forward, we will rebalance America’s economic relationship with China, prioritizing reciprocity and fairness to restore American economic independence. Trade with China should be balanced and focused on non-sensitive factors. If America remains on a growth path—and can sustain that while maintaining a genuinely mutually advantageous economic relationship with Beijing—we should be headed from our present $30 trillion economy in 2025 to $40 trillion in the 2030s, putting our country in an enviable position to maintain our status as the world’s leading economy. Our ultimate goal is to lay the foundation for long-term economic vitality. ",,四、策略,3. 各地区,B. 亚洲：赢得经济未来，避免军事对抗,经济学：终极赌注,展望未来，我们将重新平衡美中经济关系，优先考虑互惠和公平，以恢复美国的经济独立性。与中国的贸易应保持平衡，并重点关注非敏感因素。如果美国继续保持增长势头，并在与北京维持真正互利共赢的经济关系的同时实现这一目标，那么到2025年，我们的经济规模应从目前的30万亿美元增长到2030年代的40万亿美元，这将使美国处于令人艳羡的地位，继续保持世界领先经济体的地位。我们的最终目标是为长期的经济活力奠定基础。,
IV. The Strategy,3. The Regions,"B. Asia: Win the Economic Future, Prevent Military Confrontation",Economics: The Ultimate Stakes,"Importantly, this must be accompanied by a robust and ongoing focus on deterrence to prevent war in the Indo-Pacific. This combined approach can become a virtuous cycle as strong American deterrence opens up space for more disciplined economic action, while more disciplined economic action leads to greater American resources to sustain deterrence in the long term.  ",,四、策略,3. 各地区,B. 亚洲：赢得经济未来，避免军事对抗,经济学：终极赌注,重要的是，必须同时持续有力地加强威慑，以防止印太地区爆发战争。这种综合策略可以形成良性循环：强大的美国威慑力为更加自律的经济行动创造空间，而更加自律的经济行动又能为美国提供更多资源，从而长期维持威慑力。,
IV. The Strategy,3. The Regions,"B. Asia: Win the Economic Future, Prevent Military Confrontation",Economics: The Ultimate Stakes,"To accomplish this, several things are essential. ",,四、策略,3. 各地区,B. 亚洲：赢得经济未来，避免军事对抗,经济学：终极赌注,要实现这一目标，有几个关键因素。,
IV. The Strategy,3. The Regions,"B. Asia: Win the Economic Future, Prevent Military Confrontation",Economics: The Ultimate Stakes,"First, the United States must protect and defend our economy and our people from harm, from any country or source. This means ending (among other things): ","Predatory, state-directed subsidies and industrial strategies; ",四、策略,3. 各地区,B. 亚洲：赢得经济未来，避免军事对抗,经济学：终极赌注,首先，美国必须保护和捍卫我们的经济和人民免受任何国家或来源的伤害。这意味着（除其他事项外）终止：,掠夺性的、国家主导的补贴和产业战略；
IV. The Strategy,3. The Regions,"B. Asia: Win the Economic Future, Prevent Military Confrontation",Economics: The Ultimate Stakes,"First, the United States must protect and defend our economy and our people from harm, from any country or source. This means ending (among other things): ",Unfair trading practices; ,四、策略,3. 各地区,B. 亚洲：赢得经济未来，避免军事对抗,经济学：终极赌注,首先，美国必须保护和捍卫我们的经济和人民免受任何国家或来源的伤害。这意味着（除其他事项外）终止：,不公平交易行为；
IV. The Strategy,3. The Regions,"B. Asia: Win the Economic Future, Prevent Military Confrontation",Economics: The Ultimate Stakes,"First, the United States must protect and defend our economy and our people from harm, from any country or source. This means ending (among other things): ",Job destruction and deindustrialization; ,四、策略,3. 各地区,B. 亚洲：赢得经济未来，避免军事对抗,经济学：终极赌注,首先，美国必须保护和捍卫我们的经济和人民免受任何国家或来源的伤害。这意味着（除其他事项外）终止：,就业岗位流失和去工业化；
IV. The Strategy,3. The Regions,"B. Asia: Win the Economic Future, Prevent Military Confrontation",Economics: The Ultimate Stakes,"First, the United States must protect and defend our economy and our people from harm, from any country or source. This means ending (among other things): ",Grand-scale intellectual property theft and industrial espionage; ,四、策略,3. 各地区,B. 亚洲：赢得经济未来，避免军事对抗,经济学：终极赌注,首先，美国必须保护和捍卫我们的经济和人民免受任何国家或来源的伤害。这意味着（除其他事项外）终止：,大规模知识产权盗窃和商业间谍活动；
IV. The Strategy,3. The Regions,"B. Asia: Win the Economic Future, Prevent Military Confrontation",Economics: The Ultimate Stakes,"First, the United States must protect and defend our economy and our people from harm, from any country or source. This means ending (among other things): ","Threats against our supply chains that risk U.S. access to critical resources, including minerals and rare earth elements; ",四、策略,3. 各地区,B. 亚洲：赢得经济未来，避免军事对抗,经济学：终极赌注,首先，美国必须保护和捍卫我们的经济和人民免受任何国家或来源的伤害。这意味着（除其他事项外）终止：,威胁我们供应链的因素危及美国获取关键资源，包括矿产和稀土元素；
IV. The Strategy,3. The Regions,"B. Asia: Win the Economic Future, Prevent Military Confrontation",Economics: The Ultimate Stakes,"First, the United States must protect and defend our economy and our people from harm, from any country or source. This means ending (among other things): ",Exports of fentanyl precursors that fuel America’s opioid epidemic;,四、策略,3. 各地区,B. 亚洲：赢得经济未来，避免军事对抗,经济学：终极赌注,首先，美国必须保护和捍卫我们的经济和人民免受任何国家或来源的伤害。这意味着（除其他事项外）终止：,芬太尼前体出口加剧了美国的阿片类药物危机；
IV. The Strategy,3. The Regions,"B. Asia: Win the Economic Future, Prevent Military Confrontation",Economics: The Ultimate Stakes,"First, the United States must protect and defend our economy and our people from harm, from any country or source. This means ending (among other things): ","Propaganda, influence operations, and other forms of cultural subversion. ",四、策略,3. 各地区,B. 亚洲：赢得经济未来，避免军事对抗,经济学：终极赌注,首先，美国必须保护和捍卫我们的经济和人民免受任何国家或来源的伤害。这意味着（除其他事项外）终止：,宣传、影响力行动和其他形式的文化颠覆。
IV. The Strategy,3. The Regions,"B. Asia: Win the Economic Future, Prevent Military Confrontation",Economics: The Ultimate Stakes,"Second, the United States must work with our treaty allies and partners—who together add another $35 trillion in economic power to our own $30 trillion national economy (together constituting more than half the world economy)—to counteract predatory economic practices and use our combined economic power to help safeguard our prime position in the world economy and ensure that allied economies do not become subordinate to any competing power. We must continue to improve commercial (and other) relations with India to encourage New Delhi to contribute to Indo-Pacific security, including through continued quadrilateral cooperation with Australia, Japan, and the United States (“the Quad”). Moreover, we will also work to align the actions of our allies and partners with our joint interest in preventing domination by any single competitor nation. ",,四、策略,3. 各地区,B. 亚洲：赢得经济未来，避免军事对抗,经济学：终极赌注,其次，美国必须与我们的条约盟友和伙伴合作——他们合计为我们30万亿美元的国民经济贡献了35万亿美元的经济实力（合计占世界经济的一半以上）——以遏制掠夺性经济行为，并利用我们联合的经济实力来维护我们在世界经济中的主导地位，确保盟国经济体不会屈从于任何竞争大国。我们必须继续改善与印度的商业（及其他）关系，以鼓励新德里为印太安全做出贡献，包括继续与澳大利亚、日本和美国开展四方合作（“四方机制”）。此外，我们还将努力使我们的盟友和伙伴的行动与我们防止任何单一竞争国家主导的共同利益保持一致。,
IV. The Strategy,3. The Regions,"B. Asia: Win the Economic Future, Prevent Military Confrontation",Economics: The Ultimate Stakes,"The United States must at the same time invest in research to preserve and advance our advantage in cutting-edge military and dual-use technology, with emphasis on the domains where U.S. advantages are strongest. These include undersea, space, and nuclear, as well as others that will decide the future of military power, such as AI, quantum computing, and autonomous systems, plus the energy necessary to fuel these domains. ",,四、策略,3. 各地区,B. 亚洲：赢得经济未来，避免军事对抗,经济学：终极赌注,与此同时，美国必须加大研发投入，以保持和提升我们在尖端军事和军民两用技术领域的优势，重点关注美国优势最为显著的领域。这些领域包括水下、太空和核能，以及其他将决定未来军事力量走向的领域，例如人工智能、量子计算和自主系统，以及为这些领域提供动力所需的能源。,
IV. The Strategy,3. The Regions,"B. Asia: Win the Economic Future, Prevent Military Confrontation",Economics: The Ultimate Stakes,"Additionally, the U.S. Government’s critical relationships with the American private sector help maintain surveillance of persistent threats to U.S. networks, including critical infrastructure. This in turn enables the U.S. Government’s ability to conduct real-time discovery, attribution, and response (i.e., network defense and offensive cyber operations) while protecting the competitiveness of the U.S. economy and bolstering the resilience of the American technology sector. Improving these capabilities will also require considerable deregulation to further improve our competitiveness, spur innovation, and increase access to America’s natural resources. In doing so, we should aim to restore a military balance favorable to the United States and to our allies in the region. ",,四、策略,3. 各地区,B. 亚洲：赢得经济未来，避免军事对抗,经济学：终极赌注,此外，美国政府与美国私营部门的关键关系有助于持续监控美国网络（包括关键基础设施）面临的持续威胁。这反过来又使美国政府能够进行实时发现、归因和响应（即网络防御和进攻性网络行动），同时保护美国经济的竞争力并增强美国科技行业的韧性。提升这些能力还需要大幅放松管制，以进一步提高我们的竞争力，刺激创新，并增加获取美国自然资源的机会。为此，我们应致力于恢复有利于美国及其在该地区的盟友的军事平衡。,
IV. The Strategy,3. The Regions,"B. Asia: Win the Economic Future, Prevent Military Confrontation",Economics: The Ultimate Stakes,"In addition to maintaining economic preeminence and consolidating our alliance system into an economic group, the United States must execute robust diplomatic and private sector-led economic engagement in those countries where the majority of global economic growth is likely to occur over the coming decades. ",,四、策略,3. 各地区,B. 亚洲：赢得经济未来，避免军事对抗,经济学：终极赌注,除了保持经济优势并将我们的联盟体系巩固为一个经济集团之外，美国还必须在未来几十年全球经济增长可能主要发生的那些国家开展强有力的外交和私营部门主导的经济合作。,
IV. The Strategy,3. The Regions,"B. Asia: Win the Economic Future, Prevent Military Confrontation",Economics: The Ultimate Stakes,"America First diplomacy seeks to rebalance global trade relationships. We have made clear to our allies that America’s current account deficit is unsustainable. We must encourage Europe, Japan, Korea, Australia, Canada, Mexico, and other prominent nations in adopting trade policies that help rebalance China’s economy toward household consumption, because Southeast Asia, Latin America, and the Middle East cannot alone absorb China’s enormous excess capacity. The exporting nations of Europe and Asia can also look to middle-income countries as a limited but growing market for their exports.  ",,四、策略,3. 各地区,B. 亚洲：赢得经济未来，避免军事对抗,经济学：终极赌注, “美国优先”外交旨在重塑全球贸易关系。我们已向盟友明确表示，美国的经常账户赤字是不可持续的。我们必须鼓励欧洲、日本、韩国、澳大利亚、加拿大、墨西哥和其他主要国家采取有助于中国经济向家庭消费倾斜的贸易政策，因为东南亚、拉丁美洲和中东地区无法单独消化中国巨大的过剩产能。欧洲和亚洲的出口国也可以将中等收入国家视为其出口的一个规模虽小但不断增长的市场。,
IV. The Strategy,3. The Regions,"B. Asia: Win the Economic Future, Prevent Military Confrontation",Economics: The Ultimate Stakes,"China’s state-led and state-backed companies excel in building physical and digital infrastructure, and China has recycled perhaps $1.3 trillion of its trade surpluses into loans to its trading partners. America and its allies have not yet formulated, much less executed, a joint plan for the so-called “Global South,” but together possess tremendous resources. Europe, Japan, South Korea, and others hold net foreign assets of $7 trillion. International financial institutions, including the multilateral development banks, possess combined assets of $1.5 trillion. While mission creep has undermined some of these institutions’ effectiveness, this administration is dedicated to using its leadership position to implement reforms that ensure they serve American interests.",,四、策略,3. 各地区,B. 亚洲：赢得经济未来，避免军事对抗,经济学：终极赌注,中国国有企业在建设实体和数字基础设施方面表现出色，中国可能已将1.3万亿美元的贸易顺差转化为对贸易伙伴的贷款。美国及其盟友尚未制定，更遑论实施针对所谓“全球南方”的联合计划，但它们共同拥有巨大的资源。欧洲、日本、韩国和其他国家拥有7万亿美元的净外国资产。包括多边开发银行在内的国际金融机构拥有总计1.5万亿美元的资产。尽管职能扩张削弱了其中一些机构的效力，但本届政府致力于利用其领导地位推行改革，确保这些机构服务于美国的利益。,
IV. The Strategy,3. The Regions,"B. Asia: Win the Economic Future, Prevent Military Confrontation",Economics: The Ultimate Stakes,"What differentiates America from the rest of the world—our openness, transparency, trustworthiness, commitment to freedom and innovation, and free market capitalism—will continue to make us the global partner of first choice. America still holds the dominant position in the key technologies that the world needs. We should present partners with a suite of inducements—for instance, high-tech cooperation, defense purchases, and access to our capital markets—that tip decisions in our favor. ",,四、策略,3. 各地区,B. 亚洲：赢得经济未来，避免军事对抗,经济学：终极赌注,美国区别于世界其他国家的特质——我们的开放、透明、诚信、对自由和创新的承诺以及自由市场资本主义——将继续使我们成为全球首选合作伙伴。美国在世界所需的关键技术领域仍然占据主导地位。我们应该向合作伙伴提供一系列激励措施——例如高科技合作、国防采购以及进入我们资本市场的渠道——以促使他们做出有利于我们的决定。,
IV. The Strategy,3. The Regions,"B. Asia: Win the Economic Future, Prevent Military Confrontation",Economics: The Ultimate Stakes,"President Trump’s May 2025 state visits to Persian Gulf countries demonstrated the power and appeal of American technology. There, the President won the  Gulf States’ support for America’s superior AI technology, deepening our partnerships. America should similarly enlist our European and Asian allies and partners, including India, to cement and improve our joint positions in the Western Hemisphere and, with regard to critical minerals, in Africa. We should form coalitions that use our comparative advantages in finance and technology to build export markets with cooperating countries. America’s economic partners should no longer expect to earn income from the United States through overcapacity and structural imbalances but instead pursue growth through managed cooperation tied to strategic alignment and by receiving long-term U.S. investment. ",,四、策略,3. 各地区,B. 亚洲：赢得经济未来，避免军事对抗,经济学：终极赌注,特朗普总统2025年5月对波斯湾国家的国事访问展现了美国科技的实力和吸引力。访问期间，总统赢得了海湾国家对美国先进人工智能技术的支持，深化了双方的伙伴关系。美国也应积极争取包括印度在内的欧洲和亚洲盟友及伙伴的支持，以巩固和提升我们在西半球以及非洲（尤其是在关键矿产领域）的共同地位。我们应组建联盟，利用我们在金融和科技领域的比较优势，与合作国家共同开拓出口市场。美国的经济伙伴不应再指望通过产能过剩和结构性失衡从美国获取收入，而应通过与战略协调一致的有效合作以及获得美国的长期投资来实现增长。,
IV. The Strategy,3. The Regions,"B. Asia: Win the Economic Future, Prevent Military Confrontation",Economics: The Ultimate Stakes,"With the world’s deepest and most efficient capital markets, America can help lowincome countries develop their own capital markets and bind their currencies more closely to the dollar, ensuring the dollar’s future as the world’s reserve currency.",,四、策略,3. 各地区,B. 亚洲：赢得经济未来，避免军事对抗,经济学：终极赌注,美国拥有世界上最深厚、最高效的资本市场，可以帮助低收入国家发展自己的资本市场，并使它们的货币与美元更紧密地挂钩，从而确保美元作为世界储备货币的未来。,
IV. The Strategy,3. The Regions,"B. Asia: Win the Economic Future, Prevent Military Confrontation",Economics: The Ultimate Stakes,"Our greatest advantages remain our system of government and dynamic free market economy. Yet we cannot assume that our system’s advantages will prevail by default. A national security strategy is, therefore, essential.",,四、策略,3. 各地区,B. 亚洲：赢得经济未来，避免军事对抗,经济学：终极赌注,我们最大的优势依然是我们的政府体制和充满活力的自由市场经济。然而，我们不能想当然地认为这些优势会自然而然地持续下去。因此，制定国家安全战略至关重要。,
IV. The Strategy,3. The Regions,"B. Asia: Win the Economic Future, Prevent Military Confrontation",Deterring Military Threats ,"In the long term, maintaining American economic and technological preeminence is the surest way to deter and prevent a large-scale military conflict.  ",,四、策略,3. 各地区,B. 亚洲：赢得经济未来，避免军事对抗,威慑军事威胁,从长远来看，保持美国的经济和技术优势是阻止和防止大规模军事冲突的最可靠方法。,
IV. The Strategy,3. The Regions,"B. Asia: Win the Economic Future, Prevent Military Confrontation",Deterring Military Threats ,"A favorable conventional military balance remains an essential component of strategic competition. There is, rightly, much focus on Taiwan, partly because of Taiwan’s dominance of semiconductor production, but mostly because Taiwan provides direct access to the Second Island Chain and splits Northeast and Southeast Asia into two distinct theaters. Given that one-third of global shipping passes annually through the South China Sea, this has major implications for the U.S. economy. Hence deterring a conflict over Taiwan, ideally by preserving military overmatch, is a priority. We will also maintain our longstanding declaratory policy on Taiwan, meaning that the United States does not support any unilateral change to the status quo in the Taiwan Strait. ",,四、策略,3. 各地区,B. 亚洲：赢得经济未来，避免军事对抗,威慑军事威胁,保持有利的常规军事平衡仍然是战略竞争的重要组成部分。台湾问题备受关注，这无可厚非，部分原因是台湾在半导体生产领域占据主导地位，但更主要的原因是台湾提供了通往第二岛链的直接通道，并将东北亚和东南亚分割成两个截然不同的战区。鉴于全球三分之一的航运每年都要经过南海，这对美国经济有着重大影响。因此，遏制围绕台湾的冲突，理想情况下是通过保持军事优势，是当务之急。我们还将坚持长期以来对台湾的公开声明政策，这意味着美国不支持任何单方面改变台湾海峡现状的行为。,
IV. The Strategy,3. The Regions,"B. Asia: Win the Economic Future, Prevent Military Confrontation",Deterring Military Threats ,"We will build a military capable of denying aggression anywhere in the First Island Chain. But the American military cannot, and should not have to, do this alone. Our allies must step up and spend—and more importantly do—much more for collective defense. America’s diplomatic efforts should focus on pressing our First Island Chain allies and partners to allow the U.S. military greater access to their ports and other facilities, to spend more on their own defense, and most importantly to invest in capabilities aimed at deterring aggression. This will interlink maritime security issues along the First Island Chain while reinforcing U.S. and allies’ capacity to deny any attempt to seize Taiwan or achieve a balance of forces so unfavorable to us as to make defending that island impossible. ",,四、策略,3. 各地区,B. 亚洲：赢得经济未来，避免军事对抗,威慑军事威胁,我们将建立一支能够抵御第一岛链任何地区侵略的军队。但美国军队不能，也不应该独自承担这项任务。我们的盟友必须加大投入，更重要的是，必须切实履行承诺，为集体防御做出更多努力。美国的外交努力应着重于敦促第一岛链的盟友和伙伴允许美军更广泛地使用其港口和其他设施，增加自身国防开支，最重要的是，投资于旨在威慑侵略的能力建设。这将使第一岛链沿线的海上安全问题相互关联，同时增强美国及其盟友阻止任何企图夺取台湾或形成对我们极为不利的军事力量平衡（以致于我们无法保卫台湾）的能力。,
IV. The Strategy,3. The Regions,"B. Asia: Win the Economic Future, Prevent Military Confrontation",Deterring Military Threats ,"A related security challenge is the potential for any competitor to control the  South China Sea. This could allow a potentially hostile power to impose a toll system over one of the world’s most vital lanes of commerce or—worse—to close and reopen it at will. Either of those two outcomes would be harmful to the U.S. economy and broader U.S. interests. Strong measures must be developed along with the deterrence necessary to keep those lanes open, free of “tolls,” and not subject to arbitrary closure by one country. This will require not just further investment in our military—especially naval—capabilities, but also strong cooperation with every nation that stands to suffer, from India to Japan and beyond, if this problem is not addressed. ",,四、策略,3. 各地区,B. 亚洲：赢得经济未来，避免军事对抗,威慑军事威胁,与之相关的安全挑战是任何竞争对手都有可能控制南海。这可能使潜在的敌对势力得以对世界上最重要的贸易航道之一征收通行费，或者更糟糕的是，随意关闭和重新开放该航道。这两种结果都将损害美国经济和更广泛的美国利益。必须制定强有力的措施，并建立必要的威慑力量，以确保这些航道畅通无阻，不受任何国家的任意关闭。这不仅需要进一步投资于我们的军事能力，特别是海军能力，还需要与所有可能因此遭受损失的国家密切合作，从印度到日本，乃至更远的地方。,
IV. The Strategy,3. The Regions,"B. Asia: Win the Economic Future, Prevent Military Confrontation",Deterring Military Threats ,"Given President Trump’s insistence on increased burden-sharing from Japan and South Korea, we must urge these countries to increase defense spending, with a focus on the capabilities—including new capabilities—necessary to deter adversaries and protect the First Island Chain. We will also harden and strengthen our military presence in the Western Pacific, while in our dealings with Taiwan and Australia we maintain our determined rhetoric on increased defense spending. ",,四、策略,3. 各地区,B. 亚洲：赢得经济未来，避免军事对抗,威慑军事威胁,鉴于特朗普总统坚持要求日本和韩国承担更多国防责任，我们必须敦促两国增加国防开支，重点发展威慑对手和保护第一岛链所需的能力，包括新型能力。我们还将加强在西太平洋的军事存在，同时在与台湾和澳大利亚的交往中，我们将继续坚持增加国防开支的立场。,
IV. The Strategy,3. The Regions,"B. Asia: Win the Economic Future, Prevent Military Confrontation",Deterring Military Threats ,"Preventing conflict requires a vigilant posture in the Indo-Pacific, a renewed defense industrial base, greater military investment from ourselves and from allies and partners, and winning the economic and technological competition over the long term. ",,四、策略,3. 各地区,B. 亚洲：赢得经济未来，避免军事对抗,威慑军事威胁,防止冲突需要我们在印太地区保持警惕，重建国防工业基础，加大我们自身以及盟友和伙伴的军事投入，并在长期内赢得经济和技术竞争。,
IV. The Strategy,3. The Regions,C. Europe: Promoting European Greatness,"American officials have become used to thinking about European problems in terms of insufficient military spending and economic stagnation. There is truth to this, but Europe’s real problems are even deeper. ",,,四、策略,3. 各地区,C. 欧洲：促进欧洲的伟大,美国官员已经习惯于从军费开支不足和经济停滞的角度来思考欧洲的问题。这固然有一定道理，但欧洲的真正问题远比这更深层次。,,
IV. The Strategy,3. The Regions,C. Europe: Promoting European Greatness,Continental Europe has been losing share of global GDP—down from 25 percent in 1990 to 14 percent today—partly owing to national and transnational regulations that undermine creativity and industriousness. ,,,四、策略,3. 各地区,C. 欧洲：促进欧洲的伟大,欧洲大陆在全球 GDP 中所占份额不断下降——从 1990 年的 25% 下降到如今的 14%——部分原因是国家和跨国法规削弱了创造力和勤奋精神。,,
IV. The Strategy,3. The Regions,C. Europe: Promoting European Greatness,"But this economic decline is eclipsed by the real and more stark prospect of civilizational erasure. The larger issues facing Europe include activities of the European Union and other transnational bodies that undermine political liberty and sovereignty, migration policies that are transforming the continent and creating strife, censorship of free speech and suppression of political opposition, cratering birthrates, and loss of national identities and self-confidence. ",,,四、策略,3. 各地区,C. 欧洲：促进欧洲的伟大,但与文明消亡这一更为严峻的现实前景相比，经济衰退显得微不足道。欧洲面临的更广泛问题包括：欧盟和其他跨国机构的活动损害了政治自由和主权；移民政策正在改变欧洲大陆并引发冲突；对言论自由的审查和对政治反对派的镇压；出生率暴跌；以及民族认同感和自信心的丧失。,,
IV. The Strategy,3. The Regions,C. Europe: Promoting European Greatness,"Should present trends continue, the continent will be unrecognizable in 20 years or less. As such, it is far from obvious whether certain European countries will have economies and militaries strong enough to remain reliable allies. Many of these nations are currently doubling down on their present path. We want Europe to remain European, to regain its civilizational self-confidence, and to abandon its failed focus on regulatory suffocation. ",,,四、策略,3. 各地区,C. 欧洲：促进欧洲的伟大,如果目前的趋势持续下去，20年甚至更短的时间内，欧洲大陆将面目全非。因此，某些欧洲国家是否还能拥有足够强大的经济和军事力量，继续作为可靠的盟友，这一点远未可知。许多这样的国家目前正加倍地坚持走老路。我们希望欧洲保持其欧洲特色，重拾文明的自信，并放弃其失败的监管窒息模式。,,
IV. The Strategy,3. The Regions,C. Europe: Promoting European Greatness,"This lack of self-confidence is most evident in Europe’s relationship with Russia. European allies enjoy a significant hard power advantage over Russia by almost every measure, save nuclear weapons. As a result of Russia’s war in Ukraine, European relations with Russia are now deeply attenuated, and many Europeans regard Russia as an existential threat. Managing European relations with Russia will require significant U.S. diplomatic engagement, both to reestablish conditions of strategic stability across the Eurasian landmass, and to mitigate the risk of conflict between Russia and European states. ",,,四、策略,3. 各地区,C. 欧洲：促进欧洲的伟大,这种缺乏自信在欧洲与俄罗斯的关系中表现得最为明显。除了核武器之外，欧洲盟友在几乎所有方面都拥有对俄罗斯的显著硬实力优势。由于俄罗斯在乌克兰发动战争，欧洲与俄罗斯的关系如今已严重恶化，许多欧洲人将俄罗斯视为生存威胁。维系欧洲与俄罗斯的关系需要美国发挥重要的外交作用，既要重建欧亚大陆的战略稳定，又要降低俄罗斯与欧洲国家发生冲突的风险。,,
IV. The Strategy,3. The Regions,C. Europe: Promoting European Greatness,"It is a core interest of the United States to negotiate an expeditious cessation of hostilities in Ukraine, in order to stabilize European economies, prevent unintended escalation or expansion of the war, and reestablish strategic stability with Russia, as well as to enable the post-hostilities reconstruction of Ukraine to enable its survival as a viable state. ",,,四、策略,3. 各地区,C. 欧洲：促进欧洲的伟大,美国的核心利益在于通过谈判迅速停止乌克兰的敌对行动，以稳定欧洲经济，防止战争意外升级或扩大，重建与俄罗斯的战略稳定，并使乌克兰能够在战后重建，从而使其能够作为一个可行的国家生存下去。,,
IV. The Strategy,3. The Regions,C. Europe: Promoting European Greatness,"The Ukraine War has had the perverse effect of increasing Europe’s, especially Germany’s, external dependencies. Today, German chemical companies are building some of the world’s largest processing plants in China, using Russian gas that they cannot obtain at home. The Trump Administration finds itself at odds with European officials who hold unrealistic expectations for the war perched in unstable minority governments, many of which trample on basic principles of democracy to suppress opposition. A large European majority wants peace, yet that desire is not translated into policy, in large measure because of those governments’ subversion of democratic processes. This is strategically important to the  United States precisely because European states cannot reform themselves if they are trapped in political crisis.",,,四、策略,3. 各地区,C. 欧洲：促进欧洲的伟大,乌克兰战争产生了适得其反的效果，加剧了欧洲，尤其是德国的对外依赖。如今，德国化工企业正在中国建设一些全球最大的加工厂，而这些工厂使用的天然气是它们在国内无法获得的俄罗斯天然气。特朗普政府发现自己与那些对战争抱有不切实际期望的欧洲官员意见相左，这些官员身处不稳定的少数派政府之中，其中许多政府践踏民主的基本原则以压制反对派。绝大多数欧洲人渴望和平，但这种愿望并未转化为政策，很大程度上是因为这些政府破坏了民主进程。这对美国而言具有重要的战略意义，因为如果欧洲国家深陷政治危机，它们就无法进行自我改革。,,
IV. The Strategy,3. The Regions,C. Europe: Promoting European Greatness,Yet Europe remains strategically and culturally vital to the United States. Transatlantic trade remains one of the pillars of the global economy and of American prosperity. European sectors from manufacturing to technology to energy remain among the world’s most robust. Europe is home to cutting-edge scientific research and world-leading cultural institutions. Not only can we not afford to write Europe off—doing so would be self-defeating for what this strategy aims to achieve. ,,,四、策略,3. 各地区,C. 欧洲：促进欧洲的伟大,然而，欧洲对美国而言在战略和文化上仍然至关重要。跨大西洋贸易仍然是全球经济和美国繁荣的支柱之一。从制造业到科技再到能源，欧洲的各个行业仍然位居世界最强劲之列。欧洲拥有尖端科学研究和世界一流的文化机构。我们不仅不能忽视欧洲——这样做将与该战略旨在实现的目标背道而驰。,,
IV. The Strategy,3. The Regions,C. Europe: Promoting European Greatness,"American diplomacy should continue to stand up for genuine democracy, freedom of expression, and unapologetic celebrations of European nations’ individual character and history. America encourages its political allies in Europe to promote this revival of spirit, and the growing influence of patriotic European parties indeed gives cause for great optimism. ",,,四、策略,3. 各地区,C. 欧洲：促进欧洲的伟大,美国外交应继续捍卫真正的民主、言论自由，以及对欧洲各国独特个性和历史的毫不妥协的颂扬。美国鼓励其欧洲政治盟友推动这种精神的复兴，而欧洲爱国政党日益增长的影响力确实令人充满乐观。,,
IV. The Strategy,3. The Regions,C. Europe: Promoting European Greatness,"Our goal should be to help Europe correct its current trajectory. We will need a strong Europe to help us successfully compete, and to work in concert with us to prevent any adversary from dominating Europe. ",,,四、策略,3. 各地区,C. 欧洲：促进欧洲的伟大,我们的目标应该是帮助欧洲纠正目前的发展轨迹。我们需要一个强大的欧洲来帮助我们成功参与竞争，并与我们携手合作，防止任何对手主导欧洲。,,
IV. The Strategy,3. The Regions,C. Europe: Promoting European Greatness,"America is, understandably, sentimentally attached to the European continent— and, of course, to Britain and Ireland. The character of these countries is also strategically important because we count upon creative, capable, confident, democratic allies to establish conditions of stability and security. We want to work with aligned countries that want to restore their former greatness. ",,,四、策略,3. 各地区,C. 欧洲：促进欧洲的伟大,美国对欧洲大陆，尤其是英国和爱尔兰，怀有深厚的感情，这是可以理解的。这些国家的性质也具有重要的战略意义，因为我们依靠富有创造力、能力出众、自信且民主的盟友来建立稳定与安全的环境。我们希望与志同道合、渴望重振昔日辉煌的国家携手合作。,,
IV. The Strategy,3. The Regions,C. Europe: Promoting European Greatness,"Over the long term, it is more than plausible that within a few decades at the latest, certain NATO members will become majority non-European. As such, it is an open question whether they will view their place in the world, or their alliance with the United States, in the same way as those who signed the NATO charter. ",,,四、策略,3. 各地区,C. 欧洲：促进欧洲的伟大,从长远来看，最迟几十年内，某些北约成员国很可能成为非欧洲国家占多数的国家。因此，它们是否会像当年签署北约宪章的国家那样看待自身在世界上的地位以及与美国的联盟关系，仍然是一个悬而未决的问题。,,
IV. The Strategy,3. The Regions,C. Europe: Promoting European Greatness,Our broad policy for Europe should prioritize: ,Reestablishing conditions of stability within Europe and strategic stability with Russia;,,四、策略,3. 各地区,C. 欧洲：促进欧洲的伟大,我们针对欧洲的总体政策应优先考虑以下方面：,重建欧洲内部稳定环境和与俄罗斯的战略稳定；,
IV. The Strategy,3. The Regions,C. Europe: Promoting European Greatness,Our broad policy for Europe should prioritize: ,"Enabling Europe to stand on its own feet and operate as a group of aligned sovereign nations, including by taking primary responsibility for its own defense, without being dominated by any adversarial power;",,四、策略,3. 各地区,C. 欧洲：促进欧洲的伟大,我们针对欧洲的总体政策应优先考虑以下方面：,使欧洲能够自立自强，作为一个由结盟的主权国家组成的集团运作，包括承担自身国防的主要责任，而不受任何敌对势力的控制；,
IV. The Strategy,3. The Regions,C. Europe: Promoting European Greatness,Our broad policy for Europe should prioritize: ,Cultivating resistance to Europe’s current trajectory within European nations;,,四、策略,3. 各地区,C. 欧洲：促进欧洲的伟大,我们针对欧洲的总体政策应优先考虑以下方面：,在欧洲各国内部培养对欧洲当前发展轨迹的抵制；,
IV. The Strategy,3. The Regions,C. Europe: Promoting European Greatness,Our broad policy for Europe should prioritize: ,Opening European markets to U.S. goods and services and ensuring fair treatment of U.S. workers and businesses;,,四、策略,3. 各地区,C. 欧洲：促进欧洲的伟大,我们针对欧洲的总体政策应优先考虑以下方面：,向美国商品和服务开放欧洲市场，并确保美国工人和企业获得公平待遇；,
IV. The Strategy,3. The Regions,C. Europe: Promoting European Greatness,Our broad policy for Europe should prioritize: ,"Building up the healthy nations of Central, Eastern, and Southern Europe through commercial ties, weapons sales, political collaboration, and cultural and educational exchanges;",,四、策略,3. 各地区,C. 欧洲：促进欧洲的伟大,我们针对欧洲的总体政策应优先考虑以下方面：,通过商业联系、武器销售、政治合作以及文化和教育交流，促进中欧、东欧和南欧各国的健康发展；,
IV. The Strategy,3. The Regions,C. Europe: Promoting European Greatness,Our broad policy for Europe should prioritize: ,"Ending the perception, and preventing the reality, of NATO as a perpetually expanding alliance;",,四、策略,3. 各地区,C. 欧洲：促进欧洲的伟大,我们针对欧洲的总体政策应优先考虑以下方面：,消除北约作为不断扩张的联盟的观念，并阻止其成为现实；,
IV. The Strategy,3. The Regions,C. Europe: Promoting European Greatness,Our broad policy for Europe should prioritize: ,"Encouraging Europe to take action to combat mercantilist overcapacity, technological theft, cyber espionage, and other hostile economic practices.",,四、策略,3. 各地区,C. 欧洲：促进欧洲的伟大,我们针对欧洲的总体政策应优先考虑以下方面：,鼓励欧洲采取行动打击重商主义产能过剩、技术窃取、网络间谍活动和其他敌对经济行为。,
IV. The Strategy,3. The Regions,"D. The Middle East: Shift Burdens, Build Peace ","For half a century at least, American foreign policy has prioritized the Middle East above all other regions. The reasons are obvious: the Middle East was for decades the world’s most important supplier of energy, was a prime theater of superpower competition, and was rife with conflict that threatened to spill into the wider world and even to our own shores. ",,,四、策略,3. 各地区, D. 中东：转移负担，建设和平,至少半个世纪以来，美国的外交政策始终将中东置于其他所有地区之上。原因显而易见：几十年来，中东一直是世界最重要的能源供应地，是超级大国竞争的主要舞台，而且冲突不断，随时可能蔓延到世界其他地区，甚至波及美国本土。,,
IV. The Strategy,3. The Regions,"D. The Middle East: Shift Burdens, Build Peace ","Today, at least two of those dynamics no longer hold. Energy supplies have diversified greatly, with the United States once again a net energy exporter. Superpower competition has given way to great power jockeying, in which the United States retains the most enviable position, reinforced by President Trump’s successful revitalization of our alliances in the Gulf, with other Arab partners, and with Israel. ",,,四、策略,3. 各地区, D. 中东：转移负担，建设和平,如今，至少其中两项动态已不复存在。能源供应已大幅多元化，美国再次成为能源净出口国。超级大国竞争已让位于大国博弈，而美国在大国博弈中仍占据最令人艳羡的地位，这得益于特朗普总统成功重振了我们在海湾地区、与其他阿拉伯伙伴以及与以色列的联盟关系。,,
IV. The Strategy,3. The Regions,"D. The Middle East: Shift Burdens, Build Peace ","Conflict remains the Middle East’s most troublesome dynamic, but there is today less to this problem than headlines might lead one to believe. Iran—the region’s chief destabilizing force—has been greatly weakened by Israeli actions since October 7, 2023, and President Trump’s June 2025 Operation Midnight Hammer, which significantly degraded Iran’s nuclear program. The Israeli-Palestinian conflict remains thorny, but thanks to the ceasefire and release of hostages President Trump negotiated, progress toward a more permanent peace has been made. Hamas’s chief backers have been weakened or stepped away. Syria remains a potential problem, but with American, Arab, Israeli, and Turkish support may stabilize and reassume its rightful place as an integral, positive player in the region. ",,,四、策略,3. 各地区, D. 中东：转移负担，建设和平,冲突仍然是中东地区最棘手的动态，但如今这个问题远没有新闻标题所渲染的那样严重。伊朗——该地区的主要不稳定因素——自2023年10月7日以来，因以色列的行动以及特朗普总统于2025年6月发起的“午夜铁锤行动”（该行动严重削弱了伊朗的核计划）而实力大减。以巴冲突依然棘手，但得益于特朗普总统斡旋达成的停火协议和人质释放，朝着更持久的和平迈出了一步。哈马斯的主要支持者已被削弱或退出。叙利亚仍然是一个潜在问题，但在美国、阿拉伯国家、以色列和土耳其的支持下，叙利亚或许能够稳定下来，并重新成为该地区不可或缺的积极力量。,,
IV. The Strategy,3. The Regions,"D. The Middle East: Shift Burdens, Build Peace ","As this administration rescinds or eases restrictive energy policies and American energy production ramps up, America’s historic reason for focusing on the Middle East will recede. Instead, the region will increasingly become a source and destination of international investment, and in industries well beyond oil and gas— including nuclear energy, AI, and defense technologies. We can also work with Middle East partners to advance other economic interests, from securing supply chains to bolstering opportunities to develop friendly and open markets in other parts of the world such as Africa. ",,,四、策略,3. 各地区, D. 中东：转移负担，建设和平,随着本届政府撤销或放松限制性能源政策，以及美国能源产量不断提升，美国历史上关注中东的理由将逐渐淡化。取而代之的是，该地区将日益成为国际投资的来源地和目的地，投资领域远不止石油和天然气，还包括核能、人工智能和国防技术等。我们还可以与中东伙伴合作，推进其他经济利益，例如保障供应链安全，以及在非洲等世界其他地区拓展友好开放的市场。,,
IV. The Strategy,3. The Regions,"D. The Middle East: Shift Burdens, Build Peace ","Middle East partners are demonstrating their commitment to combatting radicalism, a trendline American policy should continue to encourage. But doing so will require dropping America’s misguided experiment with hectoring these nations—especially the Gulf monarchies—into abandoning their traditions and historic forms of government. We should encourage and applaud reform when and where it emerges organically, without trying to impose it from without. The key to successful relations with the Middle East is accepting the region, its leaders, and its nations as they are while working together on areas of common interest. ",,,四、策略,3. 各地区, D. 中东：转移负担，建设和平,中东伙伴正在展现其打击极端主义的决心，美国政策应继续鼓励这一趋势。但要做到这一点，就必须放弃美国以往那种强迫这些国家——尤其是海湾君主国——放弃其传统和历史政体的错误做法。我们应该鼓励和赞赏自然而然出现的改革，而不是试图从外部强加改革。与中东建立成功关系的关键在于，接受该地区、其领导人和各国的现状，并在共同关心的领域开展合作。,,
IV. The Strategy,3. The Regions,"D. The Middle East: Shift Burdens, Build Peace ","America will always have core interests in ensuring that Gulf energy supplies do not fall into the hands of an outright enemy, that the Strait of Hormuz remain open, that the Red Sea remain navigable, that the region not be an incubator or exporter of terror against American interests or the American homeland, and that Israel remain secure. We can and must address this threat ideologically and militarily without decades of fruitless “nation-building” wars. We also have a clear interest in expanding the Abraham Accords to more nations in the region and to other countries in the Muslim world.",,,四、策略,3. 各地区, D. 中东：转移负担，建设和平,美国始终拥有确保海湾能源供应不落入敌手、霍尔木兹海峡畅通、红海通航、该地区不成为针对美国利益或美国本土的恐怖主义滋生地或输出地以及以色列安全的核心利益。我们能够也必须在意识形态和军事层面应对这一威胁，而无需进行数十年徒劳无功的“国家建设”战争。我们也明确希望将《亚伯拉罕协议》扩展到该地区的更多国家以及穆斯林世界的其他国家。,,
IV. The Strategy,3. The Regions,"D. The Middle East: Shift Burdens, Build Peace ","But the days in which the Middle East dominated American foreign policy in both long-term planning and day-to-day execution are thankfully over—not because the Middle East no longer matters, but because it is no longer the constant irritant, and potential source of imminent catastrophe, that it once was. It is rather emerging as a place of partnership, friendship, and investment—a trend that should be welcomed and encouraged. In fact, President Trump’s ability to unite the Arab world at Sharm el-Sheikh in pursuit of peace and normalization will allow the United States to finally prioritize American interests. ",,,四、策略,3. 各地区, D. 中东：转移负担，建设和平,但令人欣慰的是，中东问题主导美国外交政策长期规划和日常执行的时代已经过去——这并非因为中东不再重要，而是因为它不再像过去那样令人恼火，也不再是迫在眉睫的灾难之源。相反，它正在崛起为伙伴关系、友谊和投资之地——这一趋势值得欢迎和鼓励。事实上，特朗普总统在沙姆沙伊赫成功团结阿拉伯世界，共同追求和平与关系正常化，这将使美国最终能够将自身利益置于首位。,,
IV. The Strategy,3. The Regions,E. Africa,"For far too long, American policy in Africa has focused on providing, and later on spreading, liberal ideology. The United States should instead look to partner with select countries to ameliorate conflict, foster mutually beneficial trade relationships, and transition from a foreign aid paradigm to an investment and growth paradigm capable of harnessing Africa’s abundant natural resources and latent economic potential. ",,,四、策略,3. 各地区,E. 东非,长期以来，美国对非政策的重点一直放在提供（后来又传播）自由主义意识形态上。美国应该寻求与特定国家建立伙伴关系，以缓解冲突，促进互利的贸易关系，并从对外援助模式转向投资和增长模式，从而充分利用非洲丰富的自然资源和潜在的经济资源。,,
IV. The Strategy,3. The Regions,E. Africa,"Opportunities for engagement could include negotiating settlements to ongoing conflicts (e.g., DRC-Rwanda, Sudan), and preventing new ones (e.g., EthiopiaEritrea-Somalia), as well as action to amend our approach to aid and investment (e.g., the Africa Growth and Opportunity Act). And we must remain wary of resurgent Islamist terrorist activity in parts of Africa while avoiding any long-term American presence or commitments. ",,,四、策略,3. 各地区,E. 东非,参与的机会可能包括通过谈判解决持续冲突（例如刚果民主共和国-卢旺达、苏丹），防止新的冲突（例如埃塞俄比亚-厄立特里亚-索马里），以及采取行动调整我们的援助和投资方式（例如《非洲增长与机遇法案》）。我们必须对非洲部分地区死灰复燃的伊斯兰恐怖主义活动保持警惕，同时避免美国在非洲长期驻军或做出任何承诺。,,
IV. The Strategy,3. The Regions,E. Africa,"The United States should transition from an aid-focused relationship with Africa to a trade- and investment-focused relationship, favoring partnerships with capable, reliable states committed to opening their markets to U.S. goods and services. An immediate area for U.S. investment in Africa, with prospects for a good return on investment, include the energy sector and critical mineral development. Development of U.S.-backed nuclear energy, liquid petroleum gas, and liquified natural gas technologies can generate profits for U.S. businesses and help us in the competition for critical minerals and other resources. ",,,四、策略,3. 各地区,E. 东非,美国应将对非关系从以援助为主转向以贸易和投资为主，优先与那些有能力、可靠且致力于向美国商品和服务开放市场的国家建立伙伴关系。美国在非洲投资的当务之急是能源领域和关键矿产开发，这些领域有望获得良好的投资回报。美国支持的核能、液化石油气和液化天然气技术的发展，既能为美国企业创造利润，又能帮助我们在关键矿产和其他资源的竞争中占据优势。,,
